,adm_date,age,count
0,2019-12-13,28,1
1,2020-02-12,72,1
2,2020-02-19,48,1
3,2020-02-28,55,1
4,2020-03-02,54,1
5,2020-03-02,60,1
6,2020-03-07,26,1
7,2020-03-07,51,1
8,2020-03-10,61,1
9,2020-03-11,45,1
10,2020-03-12,78,1
11,2020-03-12,82,1
12,2020-03-13,64,1
13,2020-03-13,74,1
14,2020-03-14,42,1
15,2020-03-14,75,1
16,2020-03-16,54,1
17,2020-03-16,65,1
18,2020-03-16,69,1
19,2020-03-16,76,1
20,2020-03-17,22,1
21,2020-03-17,34,1
22,2020-03-17,65,1
23,2020-03-17,73,1
24,2020-03-18,32,1
25,2020-03-18,58,1
26,2020-03-18,72,1
27,2020-03-18,77,1
28,2020-03-18,89,2
29,2020-03-19,31,1
30,2020-03-19,33,1
31,2020-03-19,38,1
32,2020-03-19,41,1
33,2020-03-19,50,1
34,2020-03-19,60,1
35,2020-03-19,63,1
36,2020-03-19,77,1
37,2020-03-19,81,1
38,2020-03-20,31,1
39,2020-03-20,65,1
40,2020-03-20,71,1
41,2020-03-20,72,1
42,2020-03-20,89,1
43,2020-03-21,49,1
44,2020-03-21,73,1
45,2020-03-21,74,1
46,2020-03-21,82,1
47,2020-03-22,44,1
48,2020-03-22,55,1
49,2020-03-22,69,1
50,2020-03-23,21,1
51,2020-03-23,41,1
52,2020-03-23,56,1
53,2020-03-23,65,1
54,2020-03-23,72,1
55,2020-03-23,73,1
56,2020-03-23,74,1
57,2020-03-23,89,2
58,2020-03-24,28,1
59,2020-03-24,34,1
60,2020-03-24,47,1
61,2020-03-24,54,1
62,2020-03-24,65,1
63,2020-03-25,35,1
64,2020-03-25,42,1
65,2020-03-25,63,1
66,2020-03-25,71,1
67,2020-03-25,74,1
68,2020-03-25,75,1
69,2020-03-25,79,1
70,2020-03-25,86,1
71,2020-03-26,38,1
72,2020-03-26,52,2
73,2020-03-26,60,1
74,2020-03-26,71,1
75,2020-03-27,31,1
76,2020-03-27,34,1
77,2020-03-27,47,1
78,2020-03-27,55,1
79,2020-03-27,56,1
80,2020-03-27,66,1
81,2020-03-27,76,1
82,2020-03-28,39,1
83,2020-03-28,41,1
84,2020-03-28,51,1
85,2020-03-28,60,1
86,2020-03-28,64,2
87,2020-03-28,85,1
88,2020-03-28,86,1
89,2020-03-29,34,1
90,2020-03-29,36,2
91,2020-03-29,42,1
92,2020-03-29,60,1
93,2020-03-29,70,1
94,2020-03-29,81,1
95,2020-03-29,82,1
96,2020-03-29,84,1
97,2020-03-29,88,1
98,2020-03-30,26,1
99,2020-03-30,37,1
100,2020-03-30,45,1
101,2020-03-30,71,1
102,2020-03-30,73,1
103,2020-03-30,78,1
104,2020-03-30,84,1
105,2020-03-30,89,1
106,2020-03-31,45,1
107,2020-03-31,60,2
108,2020-03-31,62,1
109,2020-03-31,76,1
110,2020-04-01,39,1
111,2020-04-01,57,1
112,2020-04-01,71,1
113,2020-04-01,73,1
114,2020-04-01,76,1
115,2020-04-01,86,1
116,2020-04-01,89,1
117,2020-04-02,52,1
118,2020-04-02,56,1
119,2020-04-02,66,1
120,2020-04-02,71,2
121,2020-04-02,75,1
122,2020-04-02,86,1
123,2020-04-03,34,1
124,2020-04-03,43,1
125,2020-04-03,45,1
126,2020-04-03,47,1
127,2020-04-03,52,1
128,2020-04-03,62,1
129,2020-04-03,67,1
130,2020-04-03,73,1
131,2020-04-03,83,1
132,2020-04-03,86,1
133,2020-04-03,87,1
134,2020-04-04,26,1
135,2020-04-04,56,1
136,2020-04-04,62,1
137,2020-04-04,63,1
138,2020-04-04,79,1
139,2020-04-04,89,1
140,2020-04-05,46,1
141,2020-04-05,49,1
142,2020-04-05,52,1
143,2020-04-05,53,1
144,2020-04-05,66,2
145,2020-04-05,77,1
146,2020-04-05,80,1
147,2020-04-06,36,1
148,2020-04-06,39,1
149,2020-04-06,44,1
150,2020-04-06,47,1
151,2020-04-06,53,1
152,2020-04-06,62,1
153,2020-04-06,84,1
154,2020-04-06,86,1
155,2020-04-06,89,2
156,2020-04-07,48,1
157,2020-04-07,51,1
158,2020-04-07,57,1
159,2020-04-07,65,1
160,2020-04-07,86,1
161,2020-04-08,31,1
162,2020-04-08,68,1
163,2020-04-08,88,1
164,2020-04-09,44,1
165,2020-04-09,57,1
166,2020-04-09,62,1
167,2020-04-09,64,1
168,2020-04-09,87,1
169,2020-04-10,63,1
170,2020-04-10,71,1
171,2020-04-10,86,1
172,2020-04-10,89,2
173,2020-04-11,23,1
174,2020-04-11,37,1
175,2020-04-11,44,1
176,2020-04-11,53,1
177,2020-04-11,60,1
178,2020-04-11,67,1
179,2020-04-11,73,1
180,2020-04-11,78,1
181,2020-04-11,80,1
182,2020-04-11,81,1
183,2020-04-12,66,1
184,2020-04-12,75,1
185,2020-04-12,82,1
186,2020-04-12,84,1
187,2020-04-12,89,1
188,2020-04-13,38,1
189,2020-04-13,44,1
190,2020-04-13,68,1
191,2020-04-13,72,1
192,2020-04-13,79,1
193,2020-04-13,81,1
194,2020-04-14,28,1
195,2020-04-14,43,1
196,2020-04-14,49,1
197,2020-04-14,54,1
198,2020-04-15,27,1
199,2020-04-15,34,1
200,2020-04-15,59,1
201,2020-04-15,65,1
202,2020-04-15,83,1
203,2020-04-16,20,1
204,2020-04-16,43,1
205,2020-04-16,46,1
206,2020-04-16,67,1
207,2020-04-16,79,1
208,2020-04-16,89,1
209,2020-04-17,46,1
210,2020-04-17,52,2
211,2020-04-17,57,1
212,2020-04-17,58,1
213,2020-04-17,64,1
214,2020-04-17,74,2
215,2020-04-17,89,1
216,2020-04-18,36,1
217,2020-04-18,84,1
218,2020-04-18,89,2
219,2020-04-19,69,1
220,2020-04-19,75,1
221,2020-04-19,84,1
222,2020-04-20,45,1
223,2020-04-20,47,1
224,2020-04-20,48,1
225,2020-04-20,60,1
226,2020-04-20,70,1
227,2020-04-20,76,1
228,2020-04-20,79,1
229,2020-04-20,87,1
230,2020-04-21,33,1
231,2020-04-21,52,1
232,2020-04-21,68,1
233,2020-04-21,72,1
234,2020-04-21,79,1
235,2020-04-21,81,1
236,2020-04-22,42,1
237,2020-04-22,56,1
238,2020-04-22,57,1
239,2020-04-22,82,1
240,2020-04-22,83,1
241,2020-04-22,86,1
242,2020-04-23,54,1
243,2020-04-23,59,1
244,2020-04-23,63,1
245,2020-04-23,69,1
246,2020-04-23,74,1
247,2020-04-23,75,1
248,2020-04-24,29,2
249,2020-04-24,40,1
250,2020-04-24,44,1
251,2020-04-24,62,1
252,2020-04-24,79,1
253,2020-04-24,86,1
254,2020-04-24,89,1
255,2020-04-25,49,1
256,2020-04-25,66,2
257,2020-04-25,72,1
258,2020-04-25,84,1
259,2020-04-26,31,1
260,2020-04-26,39,1
261,2020-04-26,62,1
262,2020-04-26,65,1
263,2020-04-26,83,1
264,2020-04-27,30,1
265,2020-04-27,37,1
266,2020-04-27,50,1
267,2020-04-27,56,1
268,2020-04-27,64,1
269,2020-04-27,73,1
270,2020-04-27,89,2
271,2020-04-28,27,1
272,2020-04-28,38,1
273,2020-04-28,39,1
274,2020-04-28,51,2
275,2020-04-28,53,1
276,2020-04-28,71,1
277,2020-04-28,75,1
278,2020-04-28,80,1
279,2020-04-28,83,1
280,2020-04-28,87,1
281,2020-04-29,34,1
282,2020-04-29,71,1
283,2020-04-29,73,1
284,2020-04-29,81,1
285,2020-04-29,89,1
286,2020-04-30,24,1
287,2020-04-30,34,1
288,2020-04-30,36,1
289,2020-04-30,38,1
290,2020-04-30,39,1
291,2020-04-30,60,1
292,2020-04-30,66,1
293,2020-04-30,68,1
294,2020-04-30,70,1
295,2020-04-30,74,1
296,2020-04-30,89,2
297,2020-05-01,39,1
298,2020-05-01,40,1
299,2020-05-01,45,1
300,2020-05-01,46,1
301,2020-05-01,57,1
302,2020-05-01,61,2
303,2020-05-01,64,1
304,2020-05-01,68,2
305,2020-05-01,79,1
306,2020-05-02,37,1
307,2020-05-02,42,1
308,2020-05-02,51,1
309,2020-05-02,52,1
310,2020-05-02,63,1
311,2020-05-02,89,2
312,2020-05-03,35,1
313,2020-05-03,51,1
314,2020-05-04,47,1
315,2020-05-04,50,1
316,2020-05-04,53,1
317,2020-05-04,87,1
318,2020-05-04,89,1
319,2020-05-05,38,1
320,2020-05-05,48,1
321,2020-05-05,49,1
322,2020-05-05,65,1
323,2020-05-05,72,1
324,2020-05-05,89,1
325,2020-05-06,40,1
326,2020-05-06,54,1
327,2020-05-06,57,1
328,2020-05-06,69,1
329,2020-05-06,85,1
330,2020-05-07,42,1
331,2020-05-07,44,1
332,2020-05-07,57,1
333,2020-05-07,81,2
334,2020-05-07,89,1
335,2020-05-08,26,1
336,2020-05-08,77,1
337,2020-05-09,32,1
338,2020-05-09,44,1
339,2020-05-09,53,1
340,2020-05-09,68,1
341,2020-05-10,25,1
342,2020-05-10,36,1
343,2020-05-10,76,1
344,2020-05-11,35,1
345,2020-05-11,40,1
346,2020-05-11,54,1
347,2020-05-11,62,1
348,2020-05-11,63,1
349,2020-05-11,75,1
350,2020-05-11,79,1
351,2020-05-11,89,1
352,2020-05-12,49,1
353,2020-05-12,53,1
354,2020-05-12,71,1
355,2020-05-13,37,1
356,2020-05-13,40,2
357,2020-05-13,67,2
358,2020-05-13,75,1
359,2020-05-13,81,1
360,2020-05-13,86,1
361,2020-05-14,27,1
362,2020-05-14,43,1
363,2020-05-14,74,2
364,2020-05-14,85,1
365,2020-05-14,89,1
366,2020-05-15,19,1
367,2020-05-15,40,1
368,2020-05-15,53,1
369,2020-05-15,56,1
370,2020-05-15,61,2
371,2020-05-15,67,1
372,2020-05-15,84,1
373,2020-05-16,33,1
374,2020-05-16,40,1
375,2020-05-16,60,1
376,2020-05-16,83,1
377,2020-05-17,34,1
378,2020-05-17,54,1
379,2020-05-17,59,1
380,2020-05-17,81,1
381,2020-05-17,89,1
382,2020-05-18,35,1
383,2020-05-18,37,1
384,2020-05-18,44,1
385,2020-05-18,49,1
386,2020-05-18,51,1
387,2020-05-18,67,1
388,2020-05-19,36,1
389,2020-05-19,58,1
390,2020-05-19,63,1
391,2020-05-19,73,1
392,2020-05-19,78,1
393,2020-05-19,89,1
394,2020-05-20,28,1
395,2020-05-20,52,1
396,2020-05-20,71,1
397,2020-05-20,84,1
398,2020-05-21,62,1
399,2020-05-21,74,2
400,2020-05-21,88,1
401,2020-05-21,89,2
402,2020-05-22,39,1
403,2020-05-22,42,1
404,2020-05-22,44,1
405,2020-05-22,49,1
406,2020-05-22,68,1
407,2020-05-22,74,1
408,2020-05-22,84,1
409,2020-05-22,85,1
410,2020-05-23,27,1
411,2020-05-23,28,1
412,2020-05-23,29,1
413,2020-05-23,53,1
414,2020-05-23,61,2
415,2020-05-23,66,1
416,2020-05-23,74,1
417,2020-05-23,86,1
418,2020-05-23,89,1
419,2020-05-24,55,1
420,2020-05-24,57,1
421,2020-05-24,62,1
422,2020-05-24,64,1
423,2020-05-24,66,2
424,2020-05-24,88,1
425,2020-05-25,32,1
426,2020-05-25,53,1
427,2020-05-25,55,1
428,2020-05-25,63,2
429,2020-05-25,66,2
430,2020-05-25,89,1
431,2020-05-26,26,1
432,2020-05-26,28,1
433,2020-05-26,46,1
434,2020-05-26,61,2
435,2020-05-26,76,2
436,2020-05-26,77,1
437,2020-05-27,33,1
438,2020-05-27,43,1
439,2020-05-27,51,1
440,2020-05-27,53,1
441,2020-05-27,62,1
442,2020-05-27,66,1
443,2020-05-27,69,1
444,2020-05-27,70,1
445,2020-05-28,30,1
446,2020-05-28,36,1
447,2020-05-28,40,1
448,2020-05-28,58,1
449,2020-05-28,81,1
450,2020-05-28,84,1
451,2020-05-29,31,1
452,2020-05-29,32,1
453,2020-05-29,41,1
454,2020-05-29,43,1
455,2020-05-29,45,1
456,2020-05-29,60,1
457,2020-05-29,66,1
458,2020-05-29,84,1
459,2020-05-30,33,1
460,2020-05-30,51,1
461,2020-05-30,58,1
462,2020-05-30,63,1
463,2020-05-30,88,1
464,2020-05-31,43,1
465,2020-05-31,51,1
466,2020-05-31,54,1
467,2020-05-31,64,1
468,2020-05-31,66,1
469,2020-06-01,18,1
470,2020-06-01,25,1
471,2020-06-01,27,1
472,2020-06-01,30,1
473,2020-06-01,35,1
474,2020-06-01,38,1
475,2020-06-01,41,1
476,2020-06-01,52,1
477,2020-06-01,53,1
478,2020-06-01,56,1
479,2020-06-01,59,1
480,2020-06-01,60,1
481,2020-06-01,66,1
482,2020-06-01,89,1
483,2020-06-02,25,1
484,2020-06-02,41,1
485,2020-06-02,42,1
486,2020-06-02,52,1
487,2020-06-02,55,1
488,2020-06-02,60,1
489,2020-06-02,84,2
490,2020-06-02,89,1
491,2020-06-03,21,1
492,2020-06-03,30,1
493,2020-06-03,45,1
494,2020-06-03,58,1
495,2020-06-03,67,1
496,2020-06-03,76,1
497,2020-06-04,37,1
498,2020-06-04,39,1
499,2020-06-04,48,1
500,2020-06-04,51,1
501,2020-06-04,61,1
502,2020-06-04,66,2
503,2020-06-04,67,1
504,2020-06-04,70,1
505,2020-06-04,86,1
506,2020-06-05,22,1
507,2020-06-05,46,1
508,2020-06-05,53,1
509,2020-06-05,58,1
510,2020-06-05,69,1
511,2020-06-05,81,1
512,2020-06-05,82,1
513,2020-06-05,85,2
514,2020-06-06,46,1
515,2020-06-06,78,1
516,2020-06-06,89,1
517,2020-06-07,35,1
518,2020-06-07,39,2
519,2020-06-07,50,1
520,2020-06-07,59,1
521,2020-06-07,63,1
522,2020-06-07,68,1
523,2020-06-08,32,1
524,2020-06-08,36,1
525,2020-06-08,46,1
526,2020-06-08,52,1
527,2020-06-08,54,1
528,2020-06-08,61,1
529,2020-06-08,65,1
530,2020-06-08,70,1
531,2020-06-08,76,1
532,2020-06-08,81,1
533,2020-06-08,84,1
534,2020-06-08,87,1
535,2020-06-08,89,2
536,2020-06-09,19,1
537,2020-06-09,28,1
538,2020-06-09,38,2
539,2020-06-09,50,1
540,2020-06-09,53,1
541,2020-06-09,55,1
542,2020-06-10,22,1
543,2020-06-10,27,1
544,2020-06-10,33,1
545,2020-06-10,40,1
546,2020-06-10,44,1
547,2020-06-10,52,1
548,2020-06-10,55,1
549,2020-06-10,69,1
550,2020-06-10,72,1
551,2020-06-10,89,1
552,2020-06-11,18,1
553,2020-06-11,34,1
554,2020-06-11,55,1
555,2020-06-11,66,1
556,2020-06-11,86,1
557,2020-06-12,21,1
558,2020-06-12,22,1
559,2020-06-12,41,1
560,2020-06-12,45,1
561,2020-06-12,59,1
562,2020-06-12,61,1
563,2020-06-12,66,1
564,2020-06-12,71,1
565,2020-06-12,86,1
566,2020-06-12,88,1
567,2020-06-13,20,1
568,2020-06-13,29,1
569,2020-06-13,31,1
570,2020-06-13,49,1
571,2020-06-13,54,1
572,2020-06-13,56,1
573,2020-06-13,89,1
574,2020-06-14,39,1
575,2020-06-14,42,1
576,2020-06-14,51,1
577,2020-06-14,57,1
578,2020-06-14,59,1
579,2020-06-14,61,1
580,2020-06-14,64,1
581,2020-06-14,65,1
582,2020-06-14,69,1
583,2020-06-14,70,1
584,2020-06-14,72,1
585,2020-06-14,74,1
586,2020-06-14,82,1
587,2020-06-14,89,1
588,2020-06-15,30,1
589,2020-06-15,43,2
590,2020-06-15,45,1
591,2020-06-15,53,1
592,2020-06-15,55,1
593,2020-06-15,57,1
594,2020-06-15,59,2
595,2020-06-15,64,1
596,2020-06-15,67,1
597,2020-06-16,27,1
598,2020-06-16,31,1
599,2020-06-16,46,1
600,2020-06-16,59,1
601,2020-06-16,76,1
602,2020-06-16,86,1
603,2020-06-16,88,1
604,2020-06-17,22,1
605,2020-06-17,33,1
606,2020-06-17,36,1
607,2020-06-17,39,1
608,2020-06-17,54,1
609,2020-06-17,55,1
610,2020-06-17,59,1
611,2020-06-17,65,2
612,2020-06-17,85,1
613,2020-06-18,44,1
614,2020-06-18,51,1
615,2020-06-18,64,1
616,2020-06-18,76,1
617,2020-06-18,87,1
618,2020-06-19,34,1
619,2020-06-19,36,1
620,2020-06-19,51,1
621,2020-06-19,54,1
622,2020-06-19,60,1
623,2020-06-19,65,1
624,2020-06-19,67,1
625,2020-06-19,68,1
626,2020-06-19,72,1
627,2020-06-19,73,1
628,2020-06-19,83,1
629,2020-06-19,86,1
630,2020-06-20,18,1
631,2020-06-20,39,1
632,2020-06-20,40,1
633,2020-06-20,41,1
634,2020-06-20,56,1
635,2020-06-20,60,3
636,2020-06-20,61,2
637,2020-06-20,65,1
638,2020-06-20,77,1
639,2020-06-20,85,1
640,2020-06-21,29,1
641,2020-06-21,32,1
642,2020-06-21,41,1
643,2020-06-21,42,1
644,2020-06-21,43,1
645,2020-06-21,45,1
646,2020-06-21,48,1
647,2020-06-21,54,1
648,2020-06-21,60,2
649,2020-06-21,71,1
650,2020-06-21,79,2
651,2020-06-22,33,1
652,2020-06-22,42,2
653,2020-06-22,52,1
654,2020-06-22,55,1
655,2020-06-22,63,1
656,2020-06-22,64,2
657,2020-06-22,66,1
658,2020-06-22,67,2
659,2020-06-22,70,1
660,2020-06-22,73,1
661,2020-06-22,84,1
662,2020-06-22,89,1
663,2020-06-23,28,1
664,2020-06-23,32,1
665,2020-06-23,54,2
666,2020-06-23,61,2
667,2020-06-23,63,1
668,2020-06-23,64,1
669,2020-06-23,68,1
670,2020-06-23,70,1
671,2020-06-23,75,1
672,2020-06-23,81,1
673,2020-06-23,87,1
674,2020-06-23,89,2
675,2020-06-24,45,1
676,2020-06-24,48,1
677,2020-06-24,49,1
678,2020-06-24,50,1
679,2020-06-24,54,2
680,2020-06-24,58,1
681,2020-06-24,61,1
682,2020-06-24,65,1
683,2020-06-24,66,1
684,2020-06-24,72,1
685,2020-06-24,76,3
686,2020-06-24,77,1
687,2020-06-24,83,1
688,2020-06-25,19,1
689,2020-06-25,28,1
690,2020-06-25,30,1
691,2020-06-25,35,1
692,2020-06-25,36,1
693,2020-06-25,43,1
694,2020-06-25,50,1
695,2020-06-25,51,2
696,2020-06-25,56,1
697,2020-06-25,59,1
698,2020-06-25,64,2
699,2020-06-25,66,1
700,2020-06-25,67,1
701,2020-06-25,69,1
702,2020-06-25,73,1
703,2020-06-26,30,1
704,2020-06-26,33,1
705,2020-06-26,38,1
706,2020-06-26,42,1
707,2020-06-26,45,1
708,2020-06-26,46,4
709,2020-06-26,49,1
710,2020-06-26,50,1
711,2020-06-26,53,1
712,2020-06-26,54,1
713,2020-06-26,58,1
714,2020-06-26,67,1
715,2020-06-26,72,1
716,2020-06-26,78,1
717,2020-06-26,81,1
718,2020-06-26,83,1
719,2020-06-26,85,1
720,2020-06-27,26,1
721,2020-06-27,27,1
722,2020-06-27,35,1
723,2020-06-27,43,1
724,2020-06-27,45,1
725,2020-06-27,52,1
726,2020-06-27,57,1
727,2020-06-27,60,2
728,2020-06-27,65,1
729,2020-06-27,74,1
730,2020-06-27,82,1
731,2020-06-27,83,1
732,2020-06-27,89,1
733,2020-06-28,26,2
734,2020-06-28,29,1
735,2020-06-28,42,2
736,2020-06-28,47,1
737,2020-06-28,49,1
738,2020-06-28,50,1
739,2020-06-28,51,1
740,2020-06-28,57,1
741,2020-06-28,62,1
742,2020-06-28,64,1
743,2020-06-28,76,1
744,2020-06-28,89,1
745,2020-06-29,22,1
746,2020-06-29,36,1
747,2020-06-29,41,1
748,2020-06-29,46,1
749,2020-06-29,53,1
750,2020-06-29,54,1
751,2020-06-29,56,1
752,2020-06-29,61,1
753,2020-06-29,64,3
754,2020-06-29,66,1
755,2020-06-29,71,1
756,2020-06-29,72,1
757,2020-06-29,73,1
758,2020-06-29,74,1
759,2020-06-29,85,1
760,2020-06-30,28,1
761,2020-06-30,32,1
762,2020-06-30,35,1
763,2020-06-30,37,2
764,2020-06-30,38,1
765,2020-06-30,41,1
766,2020-06-30,44,1
767,2020-06-30,47,1
768,2020-06-30,48,2
769,2020-06-30,58,1
770,2020-06-30,60,1
771,2020-06-30,67,1
772,2020-06-30,80,1
773,2020-06-30,89,2
774,2020-07-01,29,1
775,2020-07-01,35,2
776,2020-07-01,37,1
777,2020-07-01,40,2
778,2020-07-01,41,1
779,2020-07-01,44,1
780,2020-07-01,52,1
781,2020-07-01,53,1
782,2020-07-01,60,1
783,2020-07-01,62,1
784,2020-07-01,72,1
785,2020-07-01,84,1
786,2020-07-01,87,1
787,2020-07-02,20,1
788,2020-07-02,33,1
789,2020-07-02,37,2
790,2020-07-02,42,1
791,2020-07-02,46,1
792,2020-07-02,51,1
793,2020-07-02,54,2
794,2020-07-02,60,1
795,2020-07-02,61,1
796,2020-07-02,66,1
797,2020-07-02,68,1
798,2020-07-02,81,1
799,2020-07-02,84,1
800,2020-07-03,30,1
801,2020-07-03,31,1
802,2020-07-03,32,2
803,2020-07-03,35,1
804,2020-07-03,38,1
805,2020-07-03,43,1
806,2020-07-03,46,1
807,2020-07-03,48,1
808,2020-07-03,49,1
809,2020-07-03,50,1
810,2020-07-03,51,1
811,2020-07-03,52,1
812,2020-07-03,57,1
813,2020-07-03,59,1
814,2020-07-03,71,3
815,2020-07-03,73,1
816,2020-07-03,89,1
817,2020-07-04,35,1
818,2020-07-04,40,1
819,2020-07-04,44,1
820,2020-07-04,45,1
821,2020-07-04,51,1
822,2020-07-04,52,1
823,2020-07-04,53,2
824,2020-07-04,55,1
825,2020-07-04,57,1
826,2020-07-04,58,1
827,2020-07-04,60,1
828,2020-07-04,63,1
829,2020-07-04,65,1
830,2020-07-04,71,1
831,2020-07-04,73,1
832,2020-07-04,89,2
833,2020-07-05,27,1
834,2020-07-05,29,1
835,2020-07-05,49,1
836,2020-07-05,56,1
837,2020-07-05,57,1
838,2020-07-05,62,2
839,2020-07-05,68,2
840,2020-07-05,82,1
841,2020-07-05,89,1
842,2020-07-06,18,1
843,2020-07-06,40,2
844,2020-07-06,51,1
845,2020-07-06,53,1
846,2020-07-06,62,1
847,2020-07-06,64,2
848,2020-07-06,65,1
849,2020-07-06,66,1
850,2020-07-06,67,1
851,2020-07-06,69,3
852,2020-07-06,72,2
853,2020-07-06,74,3
854,2020-07-06,76,1
855,2020-07-06,83,1
856,2020-07-06,84,1
857,2020-07-06,86,2
858,2020-07-06,88,1
859,2020-07-06,89,1
860,2020-07-07,35,1
861,2020-07-07,38,1
862,2020-07-07,47,1
863,2020-07-07,51,1
864,2020-07-07,54,1
865,2020-07-07,55,1
866,2020-07-07,57,1
867,2020-07-07,59,1
868,2020-07-07,62,1
869,2020-07-07,66,2
870,2020-07-07,70,1
871,2020-07-07,73,1
872,2020-07-07,74,1
873,2020-07-07,76,1
874,2020-07-07,82,1
875,2020-07-08,34,1
876,2020-07-08,35,1
877,2020-07-08,44,1
878,2020-07-08,45,1
879,2020-07-08,51,1
880,2020-07-08,55,2
881,2020-07-08,57,1
882,2020-07-08,66,2
883,2020-07-08,68,3
884,2020-07-08,82,1
885,2020-07-09,29,2
886,2020-07-09,31,1
887,2020-07-09,34,3
888,2020-07-09,35,1
889,2020-07-09,41,1
890,2020-07-09,42,1
891,2020-07-09,43,2
892,2020-07-09,44,1
893,2020-07-09,49,2
894,2020-07-09,57,1
895,2020-07-09,58,1
896,2020-07-09,60,1
897,2020-07-09,63,2
898,2020-07-09,66,1
899,2020-07-09,68,1
900,2020-07-09,82,1
901,2020-07-09,83,1
902,2020-07-10,40,1
903,2020-07-10,44,1
904,2020-07-10,45,1
905,2020-07-10,48,2
906,2020-07-10,57,3
907,2020-07-10,66,1
908,2020-07-10,69,1
909,2020-07-10,70,1
910,2020-07-10,71,1
911,2020-07-10,72,1
912,2020-07-10,73,1
913,2020-07-10,89,2
914,2020-07-11,27,2
915,2020-07-11,33,1
916,2020-07-11,34,2
917,2020-07-11,38,1
918,2020-07-11,43,2
919,2020-07-11,44,1
920,2020-07-11,45,1
921,2020-07-11,51,1
922,2020-07-11,55,1
923,2020-07-11,56,1
924,2020-07-11,58,2
925,2020-07-11,61,1
926,2020-07-11,66,1
927,2020-07-11,68,1
928,2020-07-11,70,1
929,2020-07-11,71,2
930,2020-07-11,80,1
931,2020-07-11,89,1
932,2020-07-12,32,1
933,2020-07-12,47,1
934,2020-07-12,48,1
935,2020-07-12,49,2
936,2020-07-12,51,1
937,2020-07-12,54,1
938,2020-07-12,57,1
939,2020-07-12,58,1
940,2020-07-12,59,1
941,2020-07-12,60,1
942,2020-07-12,63,1
943,2020-07-12,67,1
944,2020-07-12,69,1
945,2020-07-12,71,1
946,2020-07-12,73,1
947,2020-07-12,89,1
948,2020-07-13,27,1
949,2020-07-13,35,1
950,2020-07-13,47,1
951,2020-07-13,51,1
952,2020-07-13,54,1
953,2020-07-13,55,2
954,2020-07-13,56,1
955,2020-07-13,66,1
956,2020-07-13,70,1
957,2020-07-13,71,1
958,2020-07-13,74,1
959,2020-07-13,75,1
960,2020-07-13,77,1
961,2020-07-13,80,1
962,2020-07-13,83,1
963,2020-07-13,84,1
964,2020-07-14,31,2
965,2020-07-14,35,1
966,2020-07-14,36,1
967,2020-07-14,40,1
968,2020-07-14,45,1
969,2020-07-14,46,1
970,2020-07-14,48,1
971,2020-07-14,51,1
972,2020-07-14,52,1
973,2020-07-14,60,1
974,2020-07-14,63,1
975,2020-07-14,74,1
976,2020-07-14,81,1
977,2020-07-14,82,2
978,2020-07-14,83,1
979,2020-07-15,24,1
980,2020-07-15,26,1
981,2020-07-15,30,1
982,2020-07-15,37,1
983,2020-07-15,50,2
984,2020-07-15,54,2
985,2020-07-15,58,2
986,2020-07-15,61,1
987,2020-07-15,63,2
988,2020-07-15,71,2
989,2020-07-15,73,3
990,2020-07-15,75,1
991,2020-07-15,82,1
992,2020-07-16,23,1
993,2020-07-16,24,1
994,2020-07-16,25,1
995,2020-07-16,32,1
996,2020-07-16,50,2
997,2020-07-16,53,1
998,2020-07-16,55,1
999,2020-07-16,57,1
1000,2020-07-16,60,1
1001,2020-07-16,61,1
1002,2020-07-16,62,1
1003,2020-07-16,63,1
1004,2020-07-16,71,1
1005,2020-07-16,74,1
1006,2020-07-16,80,1
1007,2020-07-16,82,1
1008,2020-07-16,86,1
1009,2020-07-16,89,2
1010,2020-07-17,27,1
1011,2020-07-17,31,1
1012,2020-07-17,33,1
1013,2020-07-17,38,2
1014,2020-07-17,44,1
1015,2020-07-17,48,1
1016,2020-07-17,49,2
1017,2020-07-17,50,1
1018,2020-07-17,51,1
1019,2020-07-17,54,1
1020,2020-07-17,61,3
1021,2020-07-17,63,1
1022,2020-07-17,69,1
1023,2020-07-17,70,1
1024,2020-07-17,71,1
1025,2020-07-17,89,3
1026,2020-07-18,18,1
1027,2020-07-18,26,1
1028,2020-07-18,35,1
1029,2020-07-18,43,1
1030,2020-07-18,44,1
1031,2020-07-18,50,1
1032,2020-07-18,51,1
1033,2020-07-18,52,1
1034,2020-07-18,58,1
1035,2020-07-18,64,1
1036,2020-07-18,69,2
1037,2020-07-18,73,1
1038,2020-07-18,85,1
1039,2020-07-19,30,2
1040,2020-07-19,43,1
1041,2020-07-19,44,2
1042,2020-07-19,50,1
1043,2020-07-19,53,1
1044,2020-07-19,55,2
1045,2020-07-19,57,1
1046,2020-07-19,58,1
1047,2020-07-19,68,1
1048,2020-07-19,79,1
1049,2020-07-19,89,2
1050,2020-07-20,23,2
1051,2020-07-20,28,1
1052,2020-07-20,33,1
1053,2020-07-20,34,1
1054,2020-07-20,52,1
1055,2020-07-20,57,1
1056,2020-07-20,60,1
1057,2020-07-20,62,1
1058,2020-07-20,65,1
1059,2020-07-20,67,1
1060,2020-07-20,69,1
1061,2020-07-20,70,1
1062,2020-07-20,71,1
1063,2020-07-20,74,1
1064,2020-07-20,77,1
1065,2020-07-20,78,1
1066,2020-07-20,82,1
1067,2020-07-21,22,1
1068,2020-07-21,31,1
1069,2020-07-21,47,2
1070,2020-07-21,61,1
1071,2020-07-21,63,1
1072,2020-07-21,69,1
1073,2020-07-21,71,1
1074,2020-07-21,72,2
1075,2020-07-21,79,1
1076,2020-07-21,89,2
1077,2020-07-22,23,1
1078,2020-07-22,28,1
1079,2020-07-22,31,1
1080,2020-07-22,38,1
1081,2020-07-22,41,1
1082,2020-07-22,42,2
1083,2020-07-22,50,1
1084,2020-07-22,54,1
1085,2020-07-22,58,2
1086,2020-07-22,59,1
1087,2020-07-22,60,1
1088,2020-07-22,63,1
1089,2020-07-22,65,1
1090,2020-07-22,69,1
1091,2020-07-22,71,1
1092,2020-07-22,75,2
1093,2020-07-22,78,1
1094,2020-07-22,86,1
1095,2020-07-22,88,1
1096,2020-07-23,25,1
1097,2020-07-23,27,1
1098,2020-07-23,30,1
1099,2020-07-23,46,1
1100,2020-07-23,47,1
1101,2020-07-23,49,1
1102,2020-07-23,51,1
1103,2020-07-23,52,1
1104,2020-07-23,53,1
1105,2020-07-23,57,1
1106,2020-07-23,62,1
1107,2020-07-23,78,1
1108,2020-07-24,31,1
1109,2020-07-24,35,1
1110,2020-07-24,43,1
1111,2020-07-24,46,1
1112,2020-07-24,48,2
1113,2020-07-24,50,1
1114,2020-07-24,61,2
1115,2020-07-24,62,1
1116,2020-07-24,64,1
1117,2020-07-24,70,1
1118,2020-07-24,72,3
1119,2020-07-24,78,1
1120,2020-07-24,80,2
1121,2020-07-24,83,1
1122,2020-07-24,89,1
1123,2020-07-25,18,1
1124,2020-07-25,29,1
1125,2020-07-25,37,1
1126,2020-07-25,44,1
1127,2020-07-25,50,1
1128,2020-07-25,51,2
1129,2020-07-25,54,1
1130,2020-07-25,56,1
1131,2020-07-25,58,1
1132,2020-07-25,61,1
1133,2020-07-25,63,1
1134,2020-07-25,66,1
1135,2020-07-25,69,1
1136,2020-07-25,70,1
1137,2020-07-25,76,1
1138,2020-07-25,81,1
1139,2020-07-26,23,2
1140,2020-07-26,35,1
1141,2020-07-26,47,1
1142,2020-07-26,49,1
1143,2020-07-26,51,1
1144,2020-07-26,56,1
1145,2020-07-26,57,1
1146,2020-07-26,58,1
1147,2020-07-26,60,2
1148,2020-07-26,61,1
1149,2020-07-26,63,1
1150,2020-07-26,67,1
1151,2020-07-26,71,1
1152,2020-07-26,86,1
1153,2020-07-27,26,1
1154,2020-07-27,34,1
1155,2020-07-27,36,1
1156,2020-07-27,40,1
1157,2020-07-27,41,1
1158,2020-07-27,47,2
1159,2020-07-27,51,1
1160,2020-07-27,53,1
1161,2020-07-27,61,1
1162,2020-07-27,68,1
1163,2020-07-27,71,1
1164,2020-07-28,21,1
1165,2020-07-28,24,1
1166,2020-07-28,31,1
1167,2020-07-28,42,1
1168,2020-07-28,53,3
1169,2020-07-28,54,2
1170,2020-07-28,56,1
1171,2020-07-28,57,1
1172,2020-07-28,61,2
1173,2020-07-28,63,1
1174,2020-07-28,67,2
1175,2020-07-28,73,1
1176,2020-07-28,77,1
1177,2020-07-28,86,1
1178,2020-07-29,41,1
1179,2020-07-29,42,2
1180,2020-07-29,51,1
1181,2020-07-29,57,2
1182,2020-07-29,61,1
1183,2020-07-29,64,1
1184,2020-07-29,71,1
1185,2020-07-29,77,1
1186,2020-07-29,85,1
1187,2020-07-30,24,1
1188,2020-07-30,29,1
1189,2020-07-30,30,1
1190,2020-07-30,34,1
1191,2020-07-30,42,1
1192,2020-07-30,53,1
1193,2020-07-30,54,1
1194,2020-07-30,56,1
1195,2020-07-30,60,1
1196,2020-07-30,61,2
1197,2020-07-30,62,1
1198,2020-07-30,64,1
1199,2020-07-30,73,1
1200,2020-07-30,76,2
1201,2020-07-30,78,1
1202,2020-07-31,35,1
1203,2020-07-31,37,1
1204,2020-07-31,40,1
1205,2020-07-31,43,1
1206,2020-07-31,45,1
1207,2020-07-31,49,1
1208,2020-07-31,53,1
1209,2020-07-31,56,1
1210,2020-07-31,62,1
1211,2020-07-31,63,1
1212,2020-07-31,64,1
1213,2020-07-31,67,1
1214,2020-07-31,68,2
1215,2020-07-31,69,1
1216,2020-07-31,84,1
1217,2020-07-31,89,1
1218,2020-08-01,18,2
1219,2020-08-01,24,1
1220,2020-08-01,25,1
1221,2020-08-01,29,1
1222,2020-08-01,32,1
1223,2020-08-01,36,1
1224,2020-08-01,38,1
1225,2020-08-01,47,1
1226,2020-08-01,51,1
1227,2020-08-01,56,1
1228,2020-08-01,61,2
1229,2020-08-01,69,1
1230,2020-08-01,74,1
1231,2020-08-01,75,1
1232,2020-08-01,82,1
1233,2020-08-01,83,1
1234,2020-08-01,87,1
1235,2020-08-02,22,2
1236,2020-08-02,39,1
1237,2020-08-02,40,1
1238,2020-08-02,43,1
1239,2020-08-02,45,1
1240,2020-08-02,50,1
1241,2020-08-02,52,1
1242,2020-08-02,56,1
1243,2020-08-02,63,1
1244,2020-08-02,69,1
1245,2020-08-02,72,1
1246,2020-08-02,77,1
1247,2020-08-02,89,2
1248,2020-08-03,18,1
1249,2020-08-03,30,1
1250,2020-08-03,34,1
1251,2020-08-03,38,1
1252,2020-08-03,44,1
1253,2020-08-03,45,1
1254,2020-08-03,48,1
1255,2020-08-03,52,1
1256,2020-08-03,53,1
1257,2020-08-03,56,1
1258,2020-08-03,59,1
1259,2020-08-03,63,1
1260,2020-08-03,72,1
1261,2020-08-03,74,1
1262,2020-08-04,23,1
1263,2020-08-04,38,1
1264,2020-08-04,39,1
1265,2020-08-04,40,1
1266,2020-08-04,43,1
1267,2020-08-04,52,2
1268,2020-08-04,58,2
1269,2020-08-04,60,1
1270,2020-08-04,61,1
1271,2020-08-04,66,1
1272,2020-08-04,81,1
1273,2020-08-04,87,1
1274,2020-08-05,20,1
1275,2020-08-05,30,1
1276,2020-08-05,31,1
1277,2020-08-05,37,1
1278,2020-08-05,38,1
1279,2020-08-05,43,1
1280,2020-08-05,46,1
1281,2020-08-05,78,1
1282,2020-08-05,83,1
1283,2020-08-05,86,1
1284,2020-08-06,18,1
1285,2020-08-06,26,1
1286,2020-08-06,40,1
1287,2020-08-06,41,1
1288,2020-08-06,44,1
1289,2020-08-06,46,1
1290,2020-08-06,49,1
1291,2020-08-06,61,1
1292,2020-08-06,62,1
1293,2020-08-06,63,1
1294,2020-08-06,82,2
1295,2020-08-06,84,1
1296,2020-08-07,32,1
1297,2020-08-07,33,1
1298,2020-08-07,39,1
1299,2020-08-07,40,1
1300,2020-08-07,46,1
1301,2020-08-07,49,1
1302,2020-08-07,53,1
1303,2020-08-07,69,1
1304,2020-08-07,72,1
1305,2020-08-07,83,1
1306,2020-08-07,89,1
1307,2020-08-08,27,1
1308,2020-08-08,39,1
1309,2020-08-08,44,1
1310,2020-08-08,46,1
1311,2020-08-08,50,2
1312,2020-08-08,54,1
1313,2020-08-08,59,1
1314,2020-08-08,66,1
1315,2020-08-08,78,1
1316,2020-08-08,89,1
1317,2020-08-09,23,1
1318,2020-08-09,28,1
1319,2020-08-09,29,1
1320,2020-08-09,57,1
1321,2020-08-09,58,1
1322,2020-08-09,60,1
1323,2020-08-09,61,1
1324,2020-08-09,62,1
1325,2020-08-09,63,1
1326,2020-08-09,65,1
1327,2020-08-09,66,1
1328,2020-08-09,70,1
1329,2020-08-09,74,1
1330,2020-08-09,80,1
1331,2020-08-10,23,1
1332,2020-08-10,38,1
1333,2020-08-10,41,1
1334,2020-08-10,42,1
1335,2020-08-10,47,1
1336,2020-08-10,51,2
1337,2020-08-10,56,1
1338,2020-08-10,62,3
1339,2020-08-10,63,1
1340,2020-08-10,64,1
1341,2020-08-10,65,1
1342,2020-08-10,68,2
1343,2020-08-10,74,1
1344,2020-08-10,78,1
1345,2020-08-10,79,1
1346,2020-08-10,87,1
1347,2020-08-10,89,3
1348,2020-08-11,26,1
1349,2020-08-11,49,1
1350,2020-08-11,54,1
1351,2020-08-11,55,1
1352,2020-08-11,58,2
1353,2020-08-11,59,1
1354,2020-08-11,61,1
1355,2020-08-11,62,3
1356,2020-08-11,68,1
1357,2020-08-11,73,2
1358,2020-08-12,34,1
1359,2020-08-12,54,1
1360,2020-08-12,56,2
1361,2020-08-12,63,3
1362,2020-08-12,64,1
1363,2020-08-12,68,1
1364,2020-08-12,78,1
1365,2020-08-12,89,2
1366,2020-08-13,27,2
1367,2020-08-13,28,1
1368,2020-08-13,30,1
1369,2020-08-13,32,1
1370,2020-08-13,34,1
1371,2020-08-13,37,1
1372,2020-08-13,51,1
1373,2020-08-13,65,1
1374,2020-08-13,74,1
1375,2020-08-13,75,1
1376,2020-08-13,76,1
1377,2020-08-13,89,1
1378,2020-08-14,22,1
1379,2020-08-14,24,1
1380,2020-08-14,33,1
1381,2020-08-14,36,1
1382,2020-08-14,46,1
1383,2020-08-14,49,1
1384,2020-08-14,55,1
1385,2020-08-14,56,2
1386,2020-08-14,64,1
1387,2020-08-14,67,1
1388,2020-08-14,74,1
1389,2020-08-14,84,1
1390,2020-08-14,86,1
1391,2020-08-14,89,2
1392,2020-08-15,18,1
1393,2020-08-15,29,1
1394,2020-08-15,33,2
1395,2020-08-15,38,1
1396,2020-08-15,39,1
1397,2020-08-15,43,1
1398,2020-08-15,53,1
1399,2020-08-15,58,1
1400,2020-08-15,62,1
1401,2020-08-15,64,1
1402,2020-08-15,65,1
1403,2020-08-15,67,1
1404,2020-08-15,68,1
1405,2020-08-15,78,1
1406,2020-08-15,84,1
1407,2020-08-15,85,1
1408,2020-08-16,30,1
1409,2020-08-16,33,1
1410,2020-08-16,39,1
1411,2020-08-16,48,1
1412,2020-08-16,54,1
1413,2020-08-16,58,1
1414,2020-08-16,61,1
1415,2020-08-16,63,2
1416,2020-08-16,65,1
1417,2020-08-16,66,1
1418,2020-08-16,71,2
1419,2020-08-16,88,1
1420,2020-08-17,22,1
1421,2020-08-17,24,1
1422,2020-08-17,27,1
1423,2020-08-17,29,1
1424,2020-08-17,38,1
1425,2020-08-17,44,2
1426,2020-08-17,45,1
1427,2020-08-17,50,1
1428,2020-08-17,53,1
1429,2020-08-17,59,1
1430,2020-08-17,69,1
1431,2020-08-17,89,2
1432,2020-08-18,19,1
1433,2020-08-18,44,1
1434,2020-08-18,53,1
1435,2020-08-18,55,1
1436,2020-08-18,59,1
1437,2020-08-18,62,1
1438,2020-08-18,63,1
1439,2020-08-18,64,1
1440,2020-08-18,66,1
1441,2020-08-18,68,1
1442,2020-08-19,19,1
1443,2020-08-19,29,1
1444,2020-08-19,33,2
1445,2020-08-19,34,1
1446,2020-08-19,47,1
1447,2020-08-19,48,1
1448,2020-08-19,49,1
1449,2020-08-19,50,1
1450,2020-08-19,61,1
1451,2020-08-19,72,1
1452,2020-08-19,74,1
1453,2020-08-19,81,1
1454,2020-08-19,86,1
1455,2020-08-19,89,1
1456,2020-08-20,21,1
1457,2020-08-20,42,1
1458,2020-08-20,45,1
1459,2020-08-20,50,1
1460,2020-08-20,66,1
1461,2020-08-20,69,1
1462,2020-08-20,79,1
1463,2020-08-21,26,1
1464,2020-08-21,36,1
1465,2020-08-21,51,1
1466,2020-08-21,53,1
1467,2020-08-21,55,1
1468,2020-08-21,56,1
1469,2020-08-21,57,1
1470,2020-08-21,66,1
1471,2020-08-21,71,1
1472,2020-08-21,89,1
1473,2020-08-22,23,1
1474,2020-08-22,37,1
1475,2020-08-22,39,1
1476,2020-08-22,55,1
1477,2020-08-22,68,1
1478,2020-08-22,70,1
1479,2020-08-22,79,2
1480,2020-08-23,30,1
1481,2020-08-23,37,1
1482,2020-08-23,47,1
1483,2020-08-23,55,1
1484,2020-08-23,62,1
1485,2020-08-23,68,1
1486,2020-08-23,71,1
1487,2020-08-24,33,2
1488,2020-08-24,35,1
1489,2020-08-24,46,1
1490,2020-08-24,47,1
1491,2020-08-24,50,1
1492,2020-08-24,58,1
1493,2020-08-24,65,2
1494,2020-08-24,71,2
1495,2020-08-24,74,1
1496,2020-08-24,79,1
1497,2020-08-24,80,1
1498,2020-08-24,89,1
1499,2020-08-25,20,1
1500,2020-08-25,27,1
1501,2020-08-25,28,2
1502,2020-08-25,47,1
1503,2020-08-25,50,1
1504,2020-08-25,52,1
1505,2020-08-25,53,1
1506,2020-08-25,80,1
1507,2020-08-26,18,1
1508,2020-08-26,19,2
1509,2020-08-26,24,1
1510,2020-08-26,26,1
1511,2020-08-26,30,1
1512,2020-08-26,32,1
1513,2020-08-26,39,1
1514,2020-08-26,49,1
1515,2020-08-26,54,1
1516,2020-08-26,56,1
1517,2020-08-26,63,1
1518,2020-08-26,67,1
1519,2020-08-26,75,1
1520,2020-08-26,76,1
1521,2020-08-26,79,1
1522,2020-08-26,83,1
1523,2020-08-26,89,1
1524,2020-08-27,40,1
1525,2020-08-27,41,1
1526,2020-08-27,42,1
1527,2020-08-27,49,1
1528,2020-08-27,52,1
1529,2020-08-27,58,1
1530,2020-08-27,67,1
1531,2020-08-27,68,1
1532,2020-08-27,77,1
1533,2020-08-27,78,1
1534,2020-08-27,81,1
1535,2020-08-27,86,1
1536,2020-08-28,23,1
1537,2020-08-28,29,1
1538,2020-08-28,47,1
1539,2020-08-28,54,2
1540,2020-08-28,56,2
1541,2020-08-28,61,1
1542,2020-08-28,70,1
1543,2020-08-28,71,1
1544,2020-08-28,86,1
1545,2020-08-28,89,1
1546,2020-08-29,19,1
1547,2020-08-29,21,1
1548,2020-08-29,41,1
1549,2020-08-29,45,2
1550,2020-08-29,46,1
1551,2020-08-29,57,1
1552,2020-08-29,59,1
1553,2020-08-29,77,1
1554,2020-08-29,78,1
1555,2020-08-29,89,1
1556,2020-08-30,24,1
1557,2020-08-30,47,1
1558,2020-08-30,54,1
1559,2020-08-30,56,1
1560,2020-08-30,58,1
1561,2020-08-30,62,1
1562,2020-08-30,72,1
1563,2020-08-30,77,1
1564,2020-08-30,81,1
1565,2020-08-31,19,1
1566,2020-08-31,25,1
1567,2020-08-31,37,1
1568,2020-08-31,38,1
1569,2020-08-31,52,1
1570,2020-08-31,58,1
1571,2020-08-31,60,1
1572,2020-08-31,63,1
1573,2020-08-31,72,1
1574,2020-08-31,76,1
1575,2020-08-31,86,1
1576,2020-08-31,89,1
1577,2020-09-01,29,1
1578,2020-09-01,33,1
1579,2020-09-01,49,1
1580,2020-09-01,53,1
1581,2020-09-01,69,1
1582,2020-09-01,76,1
1583,2020-09-01,83,1
1584,2020-09-01,89,1
1585,2020-09-02,23,1
1586,2020-09-02,65,1
1587,2020-09-02,67,1
1588,2020-09-02,80,1
1589,2020-09-02,89,1
1590,2020-09-03,52,1
1591,2020-09-03,63,1
1592,2020-09-03,65,2
1593,2020-09-03,75,1
1594,2020-09-04,29,1
1595,2020-09-04,57,1
1596,2020-09-04,59,1
1597,2020-09-04,61,1
1598,2020-09-04,63,1
1599,2020-09-04,70,1
1600,2020-09-05,36,2
1601,2020-09-05,47,1
1602,2020-09-05,53,1
1603,2020-09-05,55,1
1604,2020-09-05,57,1
1605,2020-09-05,66,1
1606,2020-09-05,71,1
1607,2020-09-05,81,1
1608,2020-09-05,87,1
1609,2020-09-06,25,1
1610,2020-09-06,34,1
1611,2020-09-06,50,2
1612,2020-09-06,53,1
1613,2020-09-06,54,1
1614,2020-09-06,56,1
1615,2020-09-06,57,1
1616,2020-09-06,58,1
1617,2020-09-06,60,1
1618,2020-09-06,64,1
1619,2020-09-06,71,1
1620,2020-09-06,73,1
1621,2020-09-06,89,1
1622,2020-09-07,28,1
1623,2020-09-07,36,1
1624,2020-09-07,68,1
1625,2020-09-08,35,2
1626,2020-09-08,43,1
1627,2020-09-08,52,1
1628,2020-09-08,69,1
1629,2020-09-08,77,1
1630,2020-09-08,79,1
1631,2020-09-09,30,1
1632,2020-09-09,35,1
1633,2020-09-09,40,1
1634,2020-09-09,41,1
1635,2020-09-09,67,1
1636,2020-09-09,68,1
1637,2020-09-09,78,2
1638,2020-09-09,81,1
1639,2020-09-09,83,1
1640,2020-09-09,87,1
1641,2020-09-10,19,1
1642,2020-09-10,27,1
1643,2020-09-10,40,1
1644,2020-09-10,45,1
1645,2020-09-10,55,1
1646,2020-09-10,77,1
1647,2020-09-10,82,2
1648,2020-09-11,35,1
1649,2020-09-11,45,2
1650,2020-09-11,50,1
1651,2020-09-11,55,1
1652,2020-09-11,58,1
1653,2020-09-11,62,1
1654,2020-09-11,63,1
1655,2020-09-11,82,1
1656,2020-09-11,89,2
1657,2020-09-12,23,1
1658,2020-09-12,26,1
1659,2020-09-12,44,1
1660,2020-09-12,49,1
1661,2020-09-12,58,1
1662,2020-09-12,81,1
1663,2020-09-12,86,1
1664,2020-09-13,36,1
1665,2020-09-13,56,1
1666,2020-09-13,59,1
1667,2020-09-13,65,1
1668,2020-09-13,68,1
1669,2020-09-13,77,1
1670,2020-09-13,79,1
1671,2020-09-13,80,1
1672,2020-09-14,39,1
1673,2020-09-14,65,1
1674,2020-09-14,89,3
1675,2020-09-15,25,1
1676,2020-09-15,33,1
1677,2020-09-15,41,1
1678,2020-09-15,46,1
1679,2020-09-15,47,1
1680,2020-09-15,49,1
1681,2020-09-15,52,2
1682,2020-09-15,62,1
1683,2020-09-15,89,1
1684,2020-09-16,61,1
1685,2020-09-16,67,1
1686,2020-09-16,69,1
1687,2020-09-16,71,1
1688,2020-09-16,77,1
1689,2020-09-16,89,1
1690,2020-09-17,18,1
1691,2020-09-17,43,1
1692,2020-09-17,62,1
1693,2020-09-17,78,1
1694,2020-09-17,89,1
1695,2020-09-18,26,1
1696,2020-09-18,30,2
1697,2020-09-18,34,1
1698,2020-09-18,49,1
1699,2020-09-18,52,1
1700,2020-09-18,56,1
1701,2020-09-18,59,1
1702,2020-09-18,61,1
1703,2020-09-18,63,1
1704,2020-09-18,68,1
1705,2020-09-18,89,1
1706,2020-09-19,23,1
1707,2020-09-19,50,1
1708,2020-09-19,77,1
1709,2020-09-19,83,1
1710,2020-09-19,89,1
1711,2020-09-20,26,1
1712,2020-09-20,38,1
1713,2020-09-20,48,2
1714,2020-09-20,53,1
1715,2020-09-20,65,1
1716,2020-09-20,71,1
1717,2020-09-20,86,1
1718,2020-09-21,26,1
1719,2020-09-21,35,1
1720,2020-09-21,61,1
1721,2020-09-21,63,1
1722,2020-09-22,22,1
1723,2020-09-22,40,1
1724,2020-09-22,46,1
1725,2020-09-22,51,1
1726,2020-09-22,71,1
1727,2020-09-23,20,1
1728,2020-09-23,23,1
1729,2020-09-23,34,1
1730,2020-09-23,70,1
1731,2020-09-23,71,1
1732,2020-09-24,30,2
1733,2020-09-24,34,1
1734,2020-09-24,38,1
1735,2020-09-24,41,1
1736,2020-09-24,47,1
1737,2020-09-24,50,1
1738,2020-09-24,51,1
1739,2020-09-24,81,1
1740,2020-09-24,86,1
1741,2020-09-25,29,1
1742,2020-09-25,30,2
1743,2020-09-25,31,1
1744,2020-09-25,35,1
1745,2020-09-25,38,1
1746,2020-09-25,48,1
1747,2020-09-25,52,1
1748,2020-09-25,60,1
1749,2020-09-25,61,1
1750,2020-09-26,49,1
1751,2020-09-26,51,1
1752,2020-09-26,76,1
1753,2020-09-26,79,1
1754,2020-09-26,89,2
1755,2020-09-27,22,1
1756,2020-09-27,39,1
1757,2020-09-27,45,1
1758,2020-09-27,62,1
1759,2020-09-27,81,1
1760,2020-09-28,48,1
1761,2020-09-28,68,1
1762,2020-09-28,89,1
1763,2020-09-29,23,1
1764,2020-09-29,29,1
1765,2020-09-29,35,1
1766,2020-09-29,38,1
1767,2020-09-29,68,1
1768,2020-09-29,89,1
1769,2020-09-30,22,1
1770,2020-09-30,30,2
1771,2020-09-30,36,1
1772,2020-09-30,52,1
1773,2020-09-30,57,1
1774,2020-09-30,60,1
1775,2020-09-30,61,1
1776,2020-09-30,63,1
1777,2020-09-30,79,1
1778,2020-09-30,89,1
1779,2020-10-01,23,1
1780,2020-10-01,35,1
1781,2020-10-01,67,2
1782,2020-10-02,23,1
1783,2020-10-02,51,1
1784,2020-10-02,67,1
1785,2020-10-03,28,2
1786,2020-10-03,33,1
1787,2020-10-03,43,1
1788,2020-10-03,45,1
1789,2020-10-03,47,1
1790,2020-10-03,52,1
1791,2020-10-03,58,1
1792,2020-10-04,26,1
1793,2020-10-04,44,1
1794,2020-10-04,58,1
1795,2020-10-04,60,1
1796,2020-10-04,61,1
1797,2020-10-04,66,1
1798,2020-10-04,68,2
1799,2020-10-05,24,1
1800,2020-10-05,46,1
1801,2020-10-05,52,1
1802,2020-10-05,68,1
1803,2020-10-06,20,1
1804,2020-10-06,24,1
1805,2020-10-06,58,1
1806,2020-10-06,89,1
1807,2020-10-07,37,1
1808,2020-10-07,56,1
1809,2020-10-07,60,1
1810,2020-10-07,69,1
1811,2020-10-08,49,1
1812,2020-10-08,53,1
1813,2020-10-08,55,1
1814,2020-10-08,56,1
1815,2020-10-08,75,1
1816,2020-10-08,76,1
1817,2020-10-09,42,1
1818,2020-10-09,67,1
1819,2020-10-10,30,1
1820,2020-10-10,44,1
1821,2020-10-10,52,2
1822,2020-10-11,44,1
1823,2020-10-11,58,1
1824,2020-10-11,66,1
1825,2020-10-11,80,1
1826,2020-10-11,89,1
1827,2020-10-12,28,1
1828,2020-10-12,71,1
1829,2020-10-12,75,1
1830,2020-10-13,21,1
1831,2020-10-13,54,1
1832,2020-10-13,55,1
1833,2020-10-13,60,1
1834,2020-10-13,72,1
1835,2020-10-13,87,1
1836,2020-10-14,24,2
1837,2020-10-14,26,1
1838,2020-10-14,51,1
1839,2020-10-14,53,1
1840,2020-10-14,59,1
1841,2020-10-14,73,1
1842,2020-10-14,82,1
1843,2020-10-15,26,1
1844,2020-10-15,82,1
1845,2020-10-16,27,1
1846,2020-10-16,28,1
1847,2020-10-16,33,1
1848,2020-10-16,51,1
1849,2020-10-16,61,1
1850,2020-10-16,64,2
1851,2020-10-16,69,1
1852,2020-10-16,76,1
1853,2020-10-16,78,1
1854,2020-10-17,56,1
1855,2020-10-17,58,1
1856,2020-10-17,67,1
1857,2020-10-17,69,1
1858,2020-10-17,71,1
1859,2020-10-17,76,1
1860,2020-10-17,80,1
1861,2020-10-18,20,1
1862,2020-10-18,24,1
1863,2020-10-18,30,1
1864,2020-10-18,36,1
1865,2020-10-18,53,1
1866,2020-10-18,79,1
1867,2020-10-18,89,1
1868,2020-10-19,32,2
1869,2020-10-19,54,1
1870,2020-10-19,55,1
1871,2020-10-19,56,1
1872,2020-10-19,59,1
1873,2020-10-19,63,2
1874,2020-10-19,73,1
1875,2020-10-19,74,1
1876,2020-10-19,76,1
1877,2020-10-19,78,1
1878,2020-10-20,31,1
1879,2020-10-20,38,1
1880,2020-10-20,41,1
1881,2020-10-20,55,2
1882,2020-10-20,57,1
1883,2020-10-20,62,1
1884,2020-10-20,63,2
1885,2020-10-20,66,1
1886,2020-10-20,67,1
1887,2020-10-20,89,1
1888,2020-10-21,39,1
1889,2020-10-21,47,1
1890,2020-10-21,49,1
1891,2020-10-21,66,2
1892,2020-10-21,78,1
1893,2020-10-21,79,1
1894,2020-10-22,26,1
1895,2020-10-22,38,1
1896,2020-10-22,55,2
1897,2020-10-22,79,1
1898,2020-10-23,32,1
1899,2020-10-23,36,1
1900,2020-10-23,39,1
1901,2020-10-23,41,1
1902,2020-10-23,52,1
1903,2020-10-23,60,1
1904,2020-10-23,63,1
1905,2020-10-23,68,1
1906,2020-10-23,71,1
1907,2020-10-24,19,1
1908,2020-10-24,33,1
1909,2020-10-24,51,1
1910,2020-10-24,61,1
1911,2020-10-24,62,1
1912,2020-10-24,73,1
1913,2020-10-24,77,1
1914,2020-10-24,80,1
1915,2020-10-24,89,1
1916,2020-10-25,20,1
1917,2020-10-25,24,1
1918,2020-10-25,55,1
1919,2020-10-25,59,1
1920,2020-10-25,82,2
1921,2020-10-26,20,1
1922,2020-10-26,27,4
1923,2020-10-26,36,1
1924,2020-10-26,41,2
1925,2020-10-26,48,1
1926,2020-10-26,58,1
1927,2020-10-26,59,1
1928,2020-10-26,64,2
1929,2020-10-26,65,2
1930,2020-10-26,67,1
1931,2020-10-26,78,1
1932,2020-10-26,79,1
1933,2020-10-26,87,1
1934,2020-10-27,25,1
1935,2020-10-27,50,1
1936,2020-10-27,54,1
1937,2020-10-27,56,1
1938,2020-10-27,62,1
1939,2020-10-27,68,1
1940,2020-10-27,69,2
1941,2020-10-27,70,1
1942,2020-10-27,77,1
1943,2020-10-28,40,1
1944,2020-10-28,58,1
1945,2020-10-28,61,1
1946,2020-10-28,62,2
1947,2020-10-28,65,1
1948,2020-10-28,79,1
1949,2020-10-29,21,1
1950,2020-10-29,57,1
1951,2020-10-29,74,1
1952,2020-10-29,75,1
1953,2020-10-29,81,1
1954,2020-10-30,40,1
1955,2020-10-30,44,1
1956,2020-10-30,50,1
1957,2020-10-30,63,1
1958,2020-10-30,68,1
1959,2020-10-31,19,1
1960,2020-10-31,31,1
1961,2020-10-31,43,1
1962,2020-10-31,49,1
1963,2020-10-31,68,2
1964,2020-10-31,69,1
1965,2020-10-31,75,1
1966,2020-10-31,88,1
1967,2020-11-01,30,1
1968,2020-11-01,31,1
1969,2020-11-01,40,1
1970,2020-11-01,55,1
1971,2020-11-01,60,2
1972,2020-11-01,61,1
1973,2020-11-01,64,1
1974,2020-11-01,67,1
1975,2020-11-02,35,1
1976,2020-11-02,45,1
1977,2020-11-02,52,1
1978,2020-11-02,64,1
1979,2020-11-02,66,1
1980,2020-11-02,67,1
1981,2020-11-02,85,1
1982,2020-11-02,89,1
1983,2020-11-03,29,1
1984,2020-11-03,62,1
1985,2020-11-03,65,2
1986,2020-11-03,68,1
1987,2020-11-03,74,1
1988,2020-11-03,89,1
1989,2020-11-04,30,1
1990,2020-11-04,50,1
1991,2020-11-04,59,1
1992,2020-11-04,64,1
1993,2020-11-04,69,1
1994,2020-11-04,79,1
1995,2020-11-04,88,1
1996,2020-11-05,27,1
1997,2020-11-05,31,1
1998,2020-11-05,42,1
1999,2020-11-05,55,1
2000,2020-11-05,58,1
2001,2020-11-05,62,1
2002,2020-11-05,66,1
2003,2020-11-05,67,1
2004,2020-11-05,77,2
2005,2020-11-05,78,1
2006,2020-11-05,82,1
2007,2020-11-06,41,1
2008,2020-11-06,56,1
2009,2020-11-06,57,1
2010,2020-11-06,58,1
2011,2020-11-06,62,1
2012,2020-11-06,68,1
2013,2020-11-06,71,1
2014,2020-11-06,78,1
2015,2020-11-06,85,1
2016,2020-11-07,40,1
2017,2020-11-07,49,1
2018,2020-11-07,66,1
2019,2020-11-07,68,1
2020,2020-11-07,72,1
2021,2020-11-07,83,1
2022,2020-11-07,89,1
2023,2020-11-08,24,1
2024,2020-11-08,31,1
2025,2020-11-08,32,1
2026,2020-11-08,50,1
2027,2020-11-08,61,1
2028,2020-11-08,68,1
2029,2020-11-08,89,1
2030,2020-11-09,21,1
2031,2020-11-09,22,1
2032,2020-11-09,30,3
2033,2020-11-09,31,1
2034,2020-11-09,41,1
2035,2020-11-09,47,1
2036,2020-11-09,58,1
2037,2020-11-09,71,1
2038,2020-11-09,85,1
2039,2020-11-10,23,1
2040,2020-11-10,26,1
2041,2020-11-10,46,1
2042,2020-11-10,63,1
2043,2020-11-10,70,1
2044,2020-11-10,72,1
2045,2020-11-10,74,1
2046,2020-11-10,77,1
2047,2020-11-10,78,1
2048,2020-11-10,80,1
2049,2020-11-10,82,1
2050,2020-11-10,89,2
2051,2020-11-11,34,1
2052,2020-11-11,37,1
2053,2020-11-11,54,1
2054,2020-11-11,56,1
2055,2020-11-11,73,1
2056,2020-11-11,75,1
2057,2020-11-12,19,1
2058,2020-11-12,52,1
2059,2020-11-12,54,1
2060,2020-11-12,56,1
2061,2020-11-12,57,1
2062,2020-11-12,67,1
2063,2020-11-12,69,1
2064,2020-11-12,73,1
2065,2020-11-13,36,1
2066,2020-11-13,48,1
2067,2020-11-13,66,1
2068,2020-11-13,77,1
2069,2020-11-13,84,1
2070,2020-11-13,86,1
2071,2020-11-14,30,1
2072,2020-11-14,33,1
2073,2020-11-14,50,1
2074,2020-11-14,60,1
2075,2020-11-14,61,1
2076,2020-11-14,81,1
2077,2020-11-15,55,1
2078,2020-11-15,60,1
2079,2020-11-15,66,1
2080,2020-11-15,69,1
2081,2020-11-15,72,1
2082,2020-11-15,74,1
2083,2020-11-15,84,1
2084,2020-11-16,22,1
2085,2020-11-16,53,1
2086,2020-11-16,64,1
2087,2020-11-16,66,2
2088,2020-11-16,67,1
2089,2020-11-16,70,1
2090,2020-11-16,73,1
2091,2020-11-16,76,1
2092,2020-11-16,81,1
2093,2020-11-16,85,1
2094,2020-11-17,36,1
2095,2020-11-17,38,1
2096,2020-11-17,46,1
2097,2020-11-17,48,2
2098,2020-11-17,55,1
2099,2020-11-17,58,1
2100,2020-11-17,61,1
2101,2020-11-17,62,2
2102,2020-11-17,65,1
2103,2020-11-17,67,2
2104,2020-11-17,70,2
2105,2020-11-17,73,1
2106,2020-11-17,86,1
2107,2020-11-17,87,1
2108,2020-11-17,89,1
2109,2020-11-18,18,1
2110,2020-11-18,35,1
2111,2020-11-18,39,1
2112,2020-11-18,40,1
2113,2020-11-18,48,1
2114,2020-11-18,58,1
2115,2020-11-18,63,1
2116,2020-11-18,67,1
2117,2020-11-18,68,2
2118,2020-11-18,75,2
2119,2020-11-18,81,1
2120,2020-11-18,89,2
2121,2020-11-19,19,2
2122,2020-11-19,28,1
2123,2020-11-19,30,1
2124,2020-11-19,40,1
2125,2020-11-19,46,1
2126,2020-11-19,48,1
2127,2020-11-19,54,2
2128,2020-11-19,57,2
2129,2020-11-19,62,1
2130,2020-11-19,69,1
2131,2020-11-19,70,1
2132,2020-11-19,73,1
2133,2020-11-19,79,1
2134,2020-11-20,31,1
2135,2020-11-20,32,1
2136,2020-11-20,33,1
2137,2020-11-20,40,1
2138,2020-11-20,46,1
2139,2020-11-20,48,1
2140,2020-11-20,49,1
2141,2020-11-20,51,1
2142,2020-11-20,57,1
2143,2020-11-20,58,1
2144,2020-11-20,59,1
2145,2020-11-20,61,1
2146,2020-11-20,64,1
2147,2020-11-20,67,1
2148,2020-11-20,68,1
2149,2020-11-20,72,2
2150,2020-11-20,89,1
2151,2020-11-21,24,1
2152,2020-11-21,26,1
2153,2020-11-21,31,1
2154,2020-11-21,32,1
2155,2020-11-21,36,1
2156,2020-11-21,37,1
2157,2020-11-21,47,1
2158,2020-11-21,49,1
2159,2020-11-21,63,1
2160,2020-11-21,65,1
2161,2020-11-21,70,2
2162,2020-11-21,72,1
2163,2020-11-21,75,1
2164,2020-11-21,79,1
2165,2020-11-21,84,1
2166,2020-11-21,89,1
2167,2020-11-22,27,1
2168,2020-11-22,47,2
2169,2020-11-22,48,2
2170,2020-11-22,51,1
2171,2020-11-22,56,1
2172,2020-11-22,58,1
2173,2020-11-22,63,1
2174,2020-11-22,68,1
2175,2020-11-23,45,1
2176,2020-11-23,54,2
2177,2020-11-23,58,1
2178,2020-11-23,61,1
2179,2020-11-23,65,1
2180,2020-11-23,69,1
2181,2020-11-23,74,1
2182,2020-11-23,78,1
2183,2020-11-23,89,1
2184,2020-11-24,21,1
2185,2020-11-24,22,1
2186,2020-11-24,24,1
2187,2020-11-24,29,1
2188,2020-11-24,30,2
2189,2020-11-24,42,1
2190,2020-11-24,51,1
2191,2020-11-24,55,1
2192,2020-11-24,56,1
2193,2020-11-24,61,1
2194,2020-11-24,63,1
2195,2020-11-24,64,1
2196,2020-11-24,65,1
2197,2020-11-24,67,1
2198,2020-11-24,68,1
2199,2020-11-24,72,1
2200,2020-11-24,76,1
2201,2020-11-24,77,2
2202,2020-11-24,80,1
2203,2020-11-24,89,1
2204,2020-11-25,30,1
2205,2020-11-25,42,1
2206,2020-11-25,49,1
2207,2020-11-25,54,1
2208,2020-11-25,55,1
2209,2020-11-25,57,3
2210,2020-11-25,59,1
2211,2020-11-25,61,2
2212,2020-11-25,63,1
2213,2020-11-25,66,1
2214,2020-11-25,67,1
2215,2020-11-25,70,2
2216,2020-11-25,71,1
2217,2020-11-25,72,2
2218,2020-11-25,78,1
2219,2020-11-25,80,1
2220,2020-11-25,85,1
2221,2020-11-25,86,1
2222,2020-11-26,32,1
2223,2020-11-26,39,2
2224,2020-11-26,42,1
2225,2020-11-26,44,1
2226,2020-11-26,46,1
2227,2020-11-26,52,1
2228,2020-11-26,55,2
2229,2020-11-26,58,1
2230,2020-11-26,61,1
2231,2020-11-26,62,1
2232,2020-11-26,65,1
2233,2020-11-26,66,1
2234,2020-11-26,68,1
2235,2020-11-26,71,1
2236,2020-11-26,72,1
2237,2020-11-26,73,1
2238,2020-11-26,85,1
2239,2020-11-26,86,1
2240,2020-11-26,89,1
2241,2020-11-27,21,2
2242,2020-11-27,25,1
2243,2020-11-27,33,2
2244,2020-11-27,38,1
2245,2020-11-27,45,1
2246,2020-11-27,47,1
2247,2020-11-27,49,1
2248,2020-11-27,51,1
2249,2020-11-27,53,1
2250,2020-11-27,57,1
2251,2020-11-27,58,2
2252,2020-11-27,60,1
2253,2020-11-27,68,1
2254,2020-11-27,69,1
2255,2020-11-27,70,1
2256,2020-11-27,75,2
2257,2020-11-27,80,1
2258,2020-11-27,89,1
2259,2020-11-28,20,1
2260,2020-11-28,38,2
2261,2020-11-28,45,1
2262,2020-11-28,46,1
2263,2020-11-28,50,1
2264,2020-11-28,51,2
2265,2020-11-28,52,1
2266,2020-11-28,56,1
2267,2020-11-28,57,1
2268,2020-11-28,65,1
2269,2020-11-28,66,1
2270,2020-11-28,67,1
2271,2020-11-28,68,1
2272,2020-11-28,69,1
2273,2020-11-28,71,1
2274,2020-11-28,72,1
2275,2020-11-28,78,1
2276,2020-11-28,79,1
2277,2020-11-29,28,1
2278,2020-11-29,29,1
2279,2020-11-29,36,1
2280,2020-11-29,37,1
2281,2020-11-29,40,1
2282,2020-11-29,44,1
2283,2020-11-29,45,2
2284,2020-11-29,46,1
2285,2020-11-29,47,2
2286,2020-11-29,48,1
2287,2020-11-29,53,2
2288,2020-11-29,54,1
2289,2020-11-29,56,1
2290,2020-11-29,58,1
2291,2020-11-29,61,1
2292,2020-11-29,62,1
2293,2020-11-29,63,1
2294,2020-11-29,65,1
2295,2020-11-29,67,2
2296,2020-11-29,69,1
2297,2020-11-29,73,1
2298,2020-11-29,74,1
2299,2020-11-29,80,1
2300,2020-11-29,82,1
2301,2020-11-29,83,2
2302,2020-11-29,86,2
2303,2020-11-29,89,3
2304,2020-11-30,27,1
2305,2020-11-30,31,1
2306,2020-11-30,33,1
2307,2020-11-30,36,2
2308,2020-11-30,40,1
2309,2020-11-30,44,1
2310,2020-11-30,45,1
2311,2020-11-30,50,1
2312,2020-11-30,51,1
2313,2020-11-30,52,1
2314,2020-11-30,54,1
2315,2020-11-30,55,3
2316,2020-11-30,57,1
2317,2020-11-30,59,4
2318,2020-11-30,62,1
2319,2020-11-30,64,1
2320,2020-11-30,65,1
2321,2020-11-30,66,1
2322,2020-11-30,68,1
2323,2020-11-30,69,1
2324,2020-11-30,70,3
2325,2020-11-30,73,1
2326,2020-11-30,76,2
2327,2020-11-30,77,1
2328,2020-11-30,78,1
2329,2020-11-30,79,1
2330,2020-11-30,86,2
2331,2020-11-30,87,1
2332,2020-11-30,89,1
2333,2020-12-01,33,2
2334,2020-12-01,39,1
2335,2020-12-01,44,2
2336,2020-12-01,49,1
2337,2020-12-01,50,3
2338,2020-12-01,53,2
2339,2020-12-01,56,1
2340,2020-12-01,61,1
2341,2020-12-01,62,1
2342,2020-12-01,63,1
2343,2020-12-01,64,3
2344,2020-12-01,65,1
2345,2020-12-01,67,1
2346,2020-12-01,68,2
2347,2020-12-01,69,1
2348,2020-12-01,70,2
2349,2020-12-01,72,1
2350,2020-12-01,75,2
2351,2020-12-01,76,1
2352,2020-12-01,80,1
2353,2020-12-01,81,1
2354,2020-12-01,89,2
2355,2020-12-02,20,1
2356,2020-12-02,24,1
2357,2020-12-02,26,1
2358,2020-12-02,27,1
2359,2020-12-02,39,1
2360,2020-12-02,40,1
2361,2020-12-02,47,1
2362,2020-12-02,49,1
2363,2020-12-02,55,1
2364,2020-12-02,59,1
2365,2020-12-02,60,1
2366,2020-12-02,66,1
2367,2020-12-02,67,2
2368,2020-12-02,69,2
2369,2020-12-02,70,1
2370,2020-12-02,72,1
2371,2020-12-02,73,1
2372,2020-12-02,74,1
2373,2020-12-02,75,2
2374,2020-12-02,76,2
2375,2020-12-02,81,1
2376,2020-12-02,86,1
2377,2020-12-02,88,1
2378,2020-12-02,89,1
2379,2020-12-03,20,1
2380,2020-12-03,23,1
2381,2020-12-03,35,2
2382,2020-12-03,37,1
2383,2020-12-03,41,1
2384,2020-12-03,47,1
2385,2020-12-03,48,1
2386,2020-12-03,49,1
2387,2020-12-03,50,1
2388,2020-12-03,55,1
2389,2020-12-03,56,1
2390,2020-12-03,58,2
2391,2020-12-03,59,2
2392,2020-12-03,60,1
2393,2020-12-03,64,1
2394,2020-12-03,65,2
2395,2020-12-03,67,1
2396,2020-12-03,70,1
2397,2020-12-03,71,3
2398,2020-12-03,73,1
2399,2020-12-03,76,1
2400,2020-12-03,77,1
2401,2020-12-03,78,1
2402,2020-12-03,81,1
2403,2020-12-04,26,2
2404,2020-12-04,33,1
2405,2020-12-04,34,1
2406,2020-12-04,35,2
2407,2020-12-04,36,1
2408,2020-12-04,37,1
2409,2020-12-04,40,1
2410,2020-12-04,52,1
2411,2020-12-04,54,2
2412,2020-12-04,55,1
2413,2020-12-04,56,1
2414,2020-12-04,58,1
2415,2020-12-04,59,3
2416,2020-12-04,60,2
2417,2020-12-04,61,1
2418,2020-12-04,62,1
2419,2020-12-04,63,1
2420,2020-12-04,64,1
2421,2020-12-04,68,1
2422,2020-12-04,69,3
2423,2020-12-04,70,2
2424,2020-12-04,72,1
2425,2020-12-04,73,1
2426,2020-12-04,74,1
2427,2020-12-04,75,1
2428,2020-12-04,76,1
2429,2020-12-04,78,1
2430,2020-12-04,79,2
2431,2020-12-04,83,1
2432,2020-12-04,84,1
2433,2020-12-04,85,1
2434,2020-12-04,88,1
2435,2020-12-05,21,1
2436,2020-12-05,24,1
2437,2020-12-05,29,1
2438,2020-12-05,33,1
2439,2020-12-05,34,1
2440,2020-12-05,39,1
2441,2020-12-05,41,1
2442,2020-12-05,42,1
2443,2020-12-05,45,1
2444,2020-12-05,46,2
2445,2020-12-05,50,1
2446,2020-12-05,53,1
2447,2020-12-05,59,1
2448,2020-12-05,60,1
2449,2020-12-05,64,1
2450,2020-12-05,69,1
2451,2020-12-05,73,1
2452,2020-12-05,74,1
2453,2020-12-05,75,1
2454,2020-12-05,77,1
2455,2020-12-05,78,1
2456,2020-12-05,79,1
2457,2020-12-05,85,1
2458,2020-12-05,87,1
2459,2020-12-05,88,1
2460,2020-12-05,89,3
2461,2020-12-06,32,2
2462,2020-12-06,36,1
2463,2020-12-06,39,1
2464,2020-12-06,40,1
2465,2020-12-06,43,1
2466,2020-12-06,44,1
2467,2020-12-06,45,1
2468,2020-12-06,49,2
2469,2020-12-06,54,1
2470,2020-12-06,56,1
2471,2020-12-06,59,1
2472,2020-12-06,61,2
2473,2020-12-06,65,1
2474,2020-12-06,67,2
2475,2020-12-06,68,1
2476,2020-12-06,69,2
2477,2020-12-06,71,2
2478,2020-12-06,74,2
2479,2020-12-06,77,1
2480,2020-12-06,81,1
2481,2020-12-06,82,1
2482,2020-12-06,83,1
2483,2020-12-06,89,1
2484,2020-12-07,20,1
2485,2020-12-07,28,1
2486,2020-12-07,29,1
2487,2020-12-07,30,1
2488,2020-12-07,37,1
2489,2020-12-07,38,1
2490,2020-12-07,39,2
2491,2020-12-07,41,1
2492,2020-12-07,43,1
2493,2020-12-07,50,1
2494,2020-12-07,51,1
2495,2020-12-07,53,2
2496,2020-12-07,54,2
2497,2020-12-07,57,1
2498,2020-12-07,58,1
2499,2020-12-07,61,2
2500,2020-12-07,63,1
2501,2020-12-07,64,2
2502,2020-12-07,65,1
2503,2020-12-07,66,2
2504,2020-12-07,67,2
2505,2020-12-07,70,3
2506,2020-12-07,71,1
2507,2020-12-07,72,1
2508,2020-12-07,73,2
2509,2020-12-07,77,1
2510,2020-12-07,78,1
2511,2020-12-07,79,1
2512,2020-12-07,81,1
2513,2020-12-07,82,1
2514,2020-12-07,83,2
2515,2020-12-07,84,3
2516,2020-12-07,88,1
2517,2020-12-07,89,2
2518,2020-12-08,19,1
2519,2020-12-08,28,1
2520,2020-12-08,29,1
2521,2020-12-08,30,1
2522,2020-12-08,33,2
2523,2020-12-08,39,1
2524,2020-12-08,42,3
2525,2020-12-08,44,1
2526,2020-12-08,49,1
2527,2020-12-08,51,2
2528,2020-12-08,56,2
2529,2020-12-08,58,1
2530,2020-12-08,60,1
2531,2020-12-08,61,2
2532,2020-12-08,62,3
2533,2020-12-08,64,1
2534,2020-12-08,65,3
2535,2020-12-08,66,1
2536,2020-12-08,67,1
2537,2020-12-08,68,2
2538,2020-12-08,69,1
2539,2020-12-08,73,2
2540,2020-12-08,74,1
2541,2020-12-08,76,1
2542,2020-12-08,77,2
2543,2020-12-08,78,1
2544,2020-12-08,80,1
2545,2020-12-08,81,2
2546,2020-12-08,89,3
2547,2020-12-09,18,1
2548,2020-12-09,31,1
2549,2020-12-09,38,1
2550,2020-12-09,39,2
2551,2020-12-09,42,1
2552,2020-12-09,43,2
2553,2020-12-09,44,1
2554,2020-12-09,45,1
2555,2020-12-09,48,1
2556,2020-12-09,50,2
2557,2020-12-09,51,1
2558,2020-12-09,54,1
2559,2020-12-09,55,1
2560,2020-12-09,56,1
2561,2020-12-09,57,2
2562,2020-12-09,58,1
2563,2020-12-09,59,2
2564,2020-12-09,60,1
2565,2020-12-09,62,2
2566,2020-12-09,63,1
2567,2020-12-09,64,2
2568,2020-12-09,65,1
2569,2020-12-09,67,1
2570,2020-12-09,69,3
2571,2020-12-09,70,1
2572,2020-12-09,71,2
2573,2020-12-09,72,1
2574,2020-12-09,73,1
2575,2020-12-09,74,2
2576,2020-12-09,75,2
2577,2020-12-09,76,2
2578,2020-12-09,77,3
2579,2020-12-09,78,1
2580,2020-12-09,79,1
2581,2020-12-09,80,2
2582,2020-12-09,83,1
2583,2020-12-09,85,1
2584,2020-12-09,88,1
2585,2020-12-09,89,1
2586,2020-12-10,20,1
2587,2020-12-10,25,1
2588,2020-12-10,27,1
2589,2020-12-10,31,1
2590,2020-12-10,33,1
2591,2020-12-10,35,1
2592,2020-12-10,39,1
2593,2020-12-10,41,1
2594,2020-12-10,44,3
2595,2020-12-10,48,1
2596,2020-12-10,52,3
2597,2020-12-10,54,1
2598,2020-12-10,58,3
2599,2020-12-10,59,2
2600,2020-12-10,61,1
2601,2020-12-10,62,1
2602,2020-12-10,63,1
2603,2020-12-10,64,1
2604,2020-12-10,65,1
2605,2020-12-10,66,4
2606,2020-12-10,67,1
2607,2020-12-10,68,1
2608,2020-12-10,69,2
2609,2020-12-10,70,1
2610,2020-12-10,71,1
2611,2020-12-10,73,1
2612,2020-12-10,74,1
2613,2020-12-10,76,2
2614,2020-12-10,77,3
2615,2020-12-10,78,1
2616,2020-12-10,79,1
2617,2020-12-10,80,2
2618,2020-12-10,81,1
2619,2020-12-10,82,1
2620,2020-12-10,83,1
2621,2020-12-10,89,3
2622,2020-12-11,26,1
2623,2020-12-11,30,1
2624,2020-12-11,34,2
2625,2020-12-11,35,1
2626,2020-12-11,39,1
2627,2020-12-11,45,1
2628,2020-12-11,47,1
2629,2020-12-11,48,1
2630,2020-12-11,49,1
2631,2020-12-11,51,1
2632,2020-12-11,52,2
2633,2020-12-11,53,1
2634,2020-12-11,54,1
2635,2020-12-11,55,3
2636,2020-12-11,56,1
2637,2020-12-11,57,1
2638,2020-12-11,58,1
2639,2020-12-11,59,1
2640,2020-12-11,60,3
2641,2020-12-11,61,2
2642,2020-12-11,63,1
2643,2020-12-11,64,1
2644,2020-12-11,66,2
2645,2020-12-11,67,1
2646,2020-12-11,68,1
2647,2020-12-11,69,1
2648,2020-12-11,72,1
2649,2020-12-11,73,1
2650,2020-12-11,74,1
2651,2020-12-11,75,2
2652,2020-12-11,76,1
2653,2020-12-11,77,1
2654,2020-12-11,78,2
2655,2020-12-11,79,2
2656,2020-12-11,80,2
2657,2020-12-11,85,1
2658,2020-12-11,87,2
2659,2020-12-11,89,4
2660,2020-12-12,28,1
2661,2020-12-12,32,2
2662,2020-12-12,41,2
2663,2020-12-12,43,1
2664,2020-12-12,49,1
2665,2020-12-12,51,3
2666,2020-12-12,52,1
2667,2020-12-12,54,1
2668,2020-12-12,58,1
2669,2020-12-12,59,1
2670,2020-12-12,60,1
2671,2020-12-12,61,1
2672,2020-12-12,65,1
2673,2020-12-12,69,2
2674,2020-12-12,70,1
2675,2020-12-12,73,2
2676,2020-12-12,74,1
2677,2020-12-12,76,5
2678,2020-12-12,77,2
2679,2020-12-12,81,1
2680,2020-12-12,82,1
2681,2020-12-12,87,2
2682,2020-12-12,88,3
2683,2020-12-12,89,5
2684,2020-12-13,20,1
2685,2020-12-13,25,1
2686,2020-12-13,26,1
2687,2020-12-13,30,1
2688,2020-12-13,31,1
2689,2020-12-13,34,1
2690,2020-12-13,40,1
2691,2020-12-13,42,1
2692,2020-12-13,44,2
2693,2020-12-13,46,1
2694,2020-12-13,48,1
2695,2020-12-13,49,1
2696,2020-12-13,50,3
2697,2020-12-13,52,2
2698,2020-12-13,53,1
2699,2020-12-13,55,1
2700,2020-12-13,58,1
2701,2020-12-13,60,1
2702,2020-12-13,61,1
2703,2020-12-13,63,1
2704,2020-12-13,64,2
2705,2020-12-13,66,4
2706,2020-12-13,69,3
2707,2020-12-13,70,1
2708,2020-12-13,74,2
2709,2020-12-13,82,1
2710,2020-12-13,86,1
2711,2020-12-13,88,1
2712,2020-12-13,89,5
2713,2020-12-14,18,2
2714,2020-12-14,22,1
2715,2020-12-14,27,1
2716,2020-12-14,28,2
2717,2020-12-14,30,1
2718,2020-12-14,31,2
2719,2020-12-14,33,2
2720,2020-12-14,42,1
2721,2020-12-14,43,1
2722,2020-12-14,44,1
2723,2020-12-14,46,1
2724,2020-12-14,47,1
2725,2020-12-14,48,2
2726,2020-12-14,51,5
2727,2020-12-14,56,2
2728,2020-12-14,59,2
2729,2020-12-14,63,3
2730,2020-12-14,64,1
2731,2020-12-14,66,2
2732,2020-12-14,67,2
2733,2020-12-14,68,2
2734,2020-12-14,69,1
2735,2020-12-14,70,2
2736,2020-12-14,72,1
2737,2020-12-14,74,1
2738,2020-12-14,75,1
2739,2020-12-14,76,1
2740,2020-12-14,77,1
2741,2020-12-14,81,1
2742,2020-12-14,84,2
2743,2020-12-14,85,1
2744,2020-12-14,86,1
2745,2020-12-14,88,1
2746,2020-12-14,89,6
2747,2020-12-15,21,1
2748,2020-12-15,27,1
2749,2020-12-15,28,1
2750,2020-12-15,30,1
2751,2020-12-15,31,2
2752,2020-12-15,33,1
2753,2020-12-15,35,2
2754,2020-12-15,36,1
2755,2020-12-15,38,1
2756,2020-12-15,39,1
2757,2020-12-15,40,2
2758,2020-12-15,41,1
2759,2020-12-15,43,1
2760,2020-12-15,44,1
2761,2020-12-15,46,2
2762,2020-12-15,48,1
2763,2020-12-15,52,1
2764,2020-12-15,53,1
2765,2020-12-15,57,1
2766,2020-12-15,60,1
2767,2020-12-15,61,2
2768,2020-12-15,62,2
2769,2020-12-15,63,2
2770,2020-12-15,64,2
2771,2020-12-15,65,1
2772,2020-12-15,66,2
2773,2020-12-15,67,1
2774,2020-12-15,68,2
2775,2020-12-15,69,1
2776,2020-12-15,72,2
2777,2020-12-15,74,1
2778,2020-12-15,75,1
2779,2020-12-15,76,1
2780,2020-12-15,78,2
2781,2020-12-15,79,1
2782,2020-12-15,80,2
2783,2020-12-15,82,1
2784,2020-12-15,83,2
2785,2020-12-15,84,2
2786,2020-12-15,86,1
2787,2020-12-15,89,4
2788,2020-12-16,19,2
2789,2020-12-16,21,1
2790,2020-12-16,22,1
2791,2020-12-16,23,1
2792,2020-12-16,26,1
2793,2020-12-16,34,1
2794,2020-12-16,35,1
2795,2020-12-16,37,1
2796,2020-12-16,39,1
2797,2020-12-16,40,1
2798,2020-12-16,41,1
2799,2020-12-16,43,1
2800,2020-12-16,44,1
2801,2020-12-16,46,1
2802,2020-12-16,49,3
2803,2020-12-16,53,2
2804,2020-12-16,54,1
2805,2020-12-16,55,1
2806,2020-12-16,56,2
2807,2020-12-16,57,1
2808,2020-12-16,58,1
2809,2020-12-16,59,3
2810,2020-12-16,60,1
2811,2020-12-16,61,2
2812,2020-12-16,62,2
2813,2020-12-16,63,2
2814,2020-12-16,66,2
2815,2020-12-16,68,1
2816,2020-12-16,69,2
2817,2020-12-16,70,2
2818,2020-12-16,71,1
2819,2020-12-16,73,2
2820,2020-12-16,74,3
2821,2020-12-16,77,2
2822,2020-12-16,78,1
2823,2020-12-16,81,2
2824,2020-12-16,82,3
2825,2020-12-16,85,2
2826,2020-12-16,87,1
2827,2020-12-16,88,1
2828,2020-12-16,89,5
2829,2020-12-17,19,1
2830,2020-12-17,23,2
2831,2020-12-17,25,1
2832,2020-12-17,27,2
2833,2020-12-17,28,1
2834,2020-12-17,29,1
2835,2020-12-17,30,1
2836,2020-12-17,31,1
2837,2020-12-17,33,1
2838,2020-12-17,37,3
2839,2020-12-17,38,1
2840,2020-12-17,45,1
2841,2020-12-17,46,1
2842,2020-12-17,47,1
2843,2020-12-17,48,1
2844,2020-12-17,51,1
2845,2020-12-17,52,1
2846,2020-12-17,53,1
2847,2020-12-17,55,2
2848,2020-12-17,57,3
2849,2020-12-17,58,3
2850,2020-12-17,59,2
2851,2020-12-17,60,1
2852,2020-12-17,61,1
2853,2020-12-17,63,2
2854,2020-12-17,64,3
2855,2020-12-17,65,1
2856,2020-12-17,67,1
2857,2020-12-17,68,1
2858,2020-12-17,69,1
2859,2020-12-17,70,1
2860,2020-12-17,71,2
2861,2020-12-17,74,4
2862,2020-12-17,79,2
2863,2020-12-17,80,3
2864,2020-12-17,81,1
2865,2020-12-17,82,1
2866,2020-12-17,83,1
2867,2020-12-17,85,1
2868,2020-12-17,86,1
2869,2020-12-17,89,4
2870,2020-12-18,20,1
2871,2020-12-18,21,2
2872,2020-12-18,29,1
2873,2020-12-18,30,1
2874,2020-12-18,36,2
2875,2020-12-18,40,1
2876,2020-12-18,41,1
2877,2020-12-18,43,2
2878,2020-12-18,45,2
2879,2020-12-18,46,2
2880,2020-12-18,47,2
2881,2020-12-18,49,2
2882,2020-12-18,51,1
2883,2020-12-18,54,1
2884,2020-12-18,55,2
2885,2020-12-18,57,4
2886,2020-12-18,59,2
2887,2020-12-18,60,2
2888,2020-12-18,61,1
2889,2020-12-18,63,1
2890,2020-12-18,64,3
2891,2020-12-18,65,1
2892,2020-12-18,67,1
2893,2020-12-18,68,3
2894,2020-12-18,69,3
2895,2020-12-18,70,1
2896,2020-12-18,74,1
2897,2020-12-18,75,1
2898,2020-12-18,76,1
2899,2020-12-18,79,1
2900,2020-12-18,80,2
2901,2020-12-18,81,3
2902,2020-12-18,83,1
2903,2020-12-18,85,1
2904,2020-12-18,86,1
2905,2020-12-18,89,7
2906,2020-12-19,22,1
2907,2020-12-19,23,1
2908,2020-12-19,25,1
2909,2020-12-19,31,1
2910,2020-12-19,34,1
2911,2020-12-19,35,2
2912,2020-12-19,36,1
2913,2020-12-19,37,1
2914,2020-12-19,40,1
2915,2020-12-19,42,1
2916,2020-12-19,45,2
2917,2020-12-19,46,1
2918,2020-12-19,48,1
2919,2020-12-19,49,1
2920,2020-12-19,50,1
2921,2020-12-19,52,2
2922,2020-12-19,55,1
2923,2020-12-19,56,2
2924,2020-12-19,57,2
2925,2020-12-19,59,1
2926,2020-12-19,60,1
2927,2020-12-19,62,4
2928,2020-12-19,63,1
2929,2020-12-19,65,1
2930,2020-12-19,66,3
2931,2020-12-19,67,1
2932,2020-12-19,68,3
2933,2020-12-19,69,1
2934,2020-12-19,70,2
2935,2020-12-19,72,1
2936,2020-12-19,73,1
2937,2020-12-19,74,1
2938,2020-12-19,76,1
2939,2020-12-19,77,2
2940,2020-12-19,78,1
2941,2020-12-19,83,1
2942,2020-12-19,85,2
2943,2020-12-19,88,1
2944,2020-12-19,89,4
2945,2020-12-20,21,1
2946,2020-12-20,24,1
2947,2020-12-20,29,1
2948,2020-12-20,30,1
2949,2020-12-20,33,1
2950,2020-12-20,35,1
2951,2020-12-20,38,1
2952,2020-12-20,40,3
2953,2020-12-20,41,1
2954,2020-12-20,44,1
2955,2020-12-20,46,1
2956,2020-12-20,52,1
2957,2020-12-20,56,4
2958,2020-12-20,57,1
2959,2020-12-20,59,4
2960,2020-12-20,62,1
2961,2020-12-20,63,2
2962,2020-12-20,64,1
2963,2020-12-20,65,2
2964,2020-12-20,66,2
2965,2020-12-20,67,1
2966,2020-12-20,68,1
2967,2020-12-20,69,5
2968,2020-12-20,70,1
2969,2020-12-20,71,2
2970,2020-12-20,72,2
2971,2020-12-20,74,2
2972,2020-12-20,76,2
2973,2020-12-20,79,3
2974,2020-12-20,80,3
2975,2020-12-20,81,1
2976,2020-12-20,84,1
2977,2020-12-20,86,2
2978,2020-12-20,88,1
2979,2020-12-20,89,3
2980,2020-12-21,19,1
2981,2020-12-21,27,2
2982,2020-12-21,28,1
2983,2020-12-21,31,3
2984,2020-12-21,32,1
2985,2020-12-21,34,1
2986,2020-12-21,35,1
2987,2020-12-21,36,1
2988,2020-12-21,39,2
2989,2020-12-21,40,1
2990,2020-12-21,41,1
2991,2020-12-21,43,1
2992,2020-12-21,46,3
2993,2020-12-21,47,2
2994,2020-12-21,48,1
2995,2020-12-21,51,2
2996,2020-12-21,52,1
2997,2020-12-21,53,1
2998,2020-12-21,54,1
2999,2020-12-21,55,2
3000,2020-12-21,56,1
3001,2020-12-21,57,1
3002,2020-12-21,58,1
3003,2020-12-21,59,2
3004,2020-12-21,60,2
3005,2020-12-21,61,2
3006,2020-12-21,62,3
3007,2020-12-21,63,2
3008,2020-12-21,64,3
3009,2020-12-21,65,2
3010,2020-12-21,67,2
3011,2020-12-21,68,5
3012,2020-12-21,70,1
3013,2020-12-21,71,1
3014,2020-12-21,72,1
3015,2020-12-21,73,6
3016,2020-12-21,74,2
3017,2020-12-21,76,1
3018,2020-12-21,78,1
3019,2020-12-21,79,1
3020,2020-12-21,80,2
3021,2020-12-21,82,1
3022,2020-12-21,84,1
3023,2020-12-21,85,4
3024,2020-12-21,86,3
3025,2020-12-21,88,1
3026,2020-12-21,89,7
3027,2020-12-22,18,1
3028,2020-12-22,28,1
3029,2020-12-22,29,1
3030,2020-12-22,30,1
3031,2020-12-22,32,2
3032,2020-12-22,34,2
3033,2020-12-22,41,4
3034,2020-12-22,44,1
3035,2020-12-22,46,1
3036,2020-12-22,49,1
3037,2020-12-22,51,1
3038,2020-12-22,52,1
3039,2020-12-22,53,2
3040,2020-12-22,55,2
3041,2020-12-22,56,1
3042,2020-12-22,57,1
3043,2020-12-22,58,1
3044,2020-12-22,59,2
3045,2020-12-22,60,1
3046,2020-12-22,61,1
3047,2020-12-22,62,3
3048,2020-12-22,63,3
3049,2020-12-22,64,2
3050,2020-12-22,66,1
3051,2020-12-22,67,2
3052,2020-12-22,68,4
3053,2020-12-22,69,2
3054,2020-12-22,71,1
3055,2020-12-22,72,3
3056,2020-12-22,73,2
3057,2020-12-22,74,2
3058,2020-12-22,75,1
3059,2020-12-22,76,3
3060,2020-12-22,77,2
3061,2020-12-22,78,3
3062,2020-12-22,80,4
3063,2020-12-22,82,1
3064,2020-12-22,83,2
3065,2020-12-22,85,4
3066,2020-12-22,86,1
3067,2020-12-22,87,1
3068,2020-12-22,88,1
3069,2020-12-22,89,7
3070,2020-12-23,25,1
3071,2020-12-23,27,1
3072,2020-12-23,29,1
3073,2020-12-23,32,2
3074,2020-12-23,33,1
3075,2020-12-23,35,2
3076,2020-12-23,36,1
3077,2020-12-23,38,1
3078,2020-12-23,39,1
3079,2020-12-23,42,1
3080,2020-12-23,43,1
3081,2020-12-23,44,1
3082,2020-12-23,47,1
3083,2020-12-23,49,1
3084,2020-12-23,51,1
3085,2020-12-23,52,1
3086,2020-12-23,53,2
3087,2020-12-23,54,2
3088,2020-12-23,55,1
3089,2020-12-23,56,1
3090,2020-12-23,57,1
3091,2020-12-23,58,1
3092,2020-12-23,59,2
3093,2020-12-23,61,2
3094,2020-12-23,62,1
3095,2020-12-23,63,1
3096,2020-12-23,64,5
3097,2020-12-23,65,3
3098,2020-12-23,67,2
3099,2020-12-23,68,1
3100,2020-12-23,71,2
3101,2020-12-23,72,2
3102,2020-12-23,75,5
3103,2020-12-23,76,1
3104,2020-12-23,77,2
3105,2020-12-23,79,2
3106,2020-12-23,80,2
3107,2020-12-23,84,2
3108,2020-12-23,85,1
3109,2020-12-23,87,4
3110,2020-12-23,88,1
3111,2020-12-23,89,3
3112,2020-12-24,30,1
3113,2020-12-24,33,2
3114,2020-12-24,34,1
3115,2020-12-24,35,1
3116,2020-12-24,41,1
3117,2020-12-24,43,2
3118,2020-12-24,44,1
3119,2020-12-24,52,2
3120,2020-12-24,53,3
3121,2020-12-24,54,1
3122,2020-12-24,55,1
3123,2020-12-24,57,1
3124,2020-12-24,58,1
3125,2020-12-24,60,3
3126,2020-12-24,61,4
3127,2020-12-24,62,1
3128,2020-12-24,64,1
3129,2020-12-24,65,3
3130,2020-12-24,67,2
3131,2020-12-24,68,3
3132,2020-12-24,69,4
3133,2020-12-24,70,1
3134,2020-12-24,71,2
3135,2020-12-24,72,2
3136,2020-12-24,73,1
3137,2020-12-24,77,2
3138,2020-12-24,78,1
3139,2020-12-24,79,1
3140,2020-12-24,80,1
3141,2020-12-24,81,1
3142,2020-12-24,82,1
3143,2020-12-24,84,2
3144,2020-12-24,86,3
3145,2020-12-24,88,1
3146,2020-12-24,89,4
3147,2020-12-25,20,1
3148,2020-12-25,24,1
3149,2020-12-25,27,1
3150,2020-12-25,28,1
3151,2020-12-25,32,1
3152,2020-12-25,33,1
3153,2020-12-25,34,1
3154,2020-12-25,37,1
3155,2020-12-25,42,1
3156,2020-12-25,47,1
3157,2020-12-25,49,2
3158,2020-12-25,50,1
3159,2020-12-25,51,1
3160,2020-12-25,52,1
3161,2020-12-25,55,1
3162,2020-12-25,56,1
3163,2020-12-25,58,1
3164,2020-12-25,59,3
3165,2020-12-25,60,3
3166,2020-12-25,62,2
3167,2020-12-25,63,2
3168,2020-12-25,64,1
3169,2020-12-25,65,2
3170,2020-12-25,68,1
3171,2020-12-25,69,1
3172,2020-12-25,72,1
3173,2020-12-25,73,2
3174,2020-12-25,75,1
3175,2020-12-25,78,1
3176,2020-12-25,80,2
3177,2020-12-25,81,1
3178,2020-12-25,82,1
3179,2020-12-25,83,1
3180,2020-12-25,86,2
3181,2020-12-25,87,2
3182,2020-12-25,88,1
3183,2020-12-25,89,7
3184,2020-12-26,30,1
3185,2020-12-26,37,1
3186,2020-12-26,43,1
3187,2020-12-26,45,1
3188,2020-12-26,46,1
3189,2020-12-26,49,2
3190,2020-12-26,51,1
3191,2020-12-26,52,2
3192,2020-12-26,53,1
3193,2020-12-26,54,3
3194,2020-12-26,55,1
3195,2020-12-26,56,1
3196,2020-12-26,57,1
3197,2020-12-26,60,4
3198,2020-12-26,61,1
3199,2020-12-26,62,1
3200,2020-12-26,63,3
3201,2020-12-26,64,1
3202,2020-12-26,65,1
3203,2020-12-26,66,1
3204,2020-12-26,67,1
3205,2020-12-26,68,1
3206,2020-12-26,69,2
3207,2020-12-26,70,1
3208,2020-12-26,71,1
3209,2020-12-26,73,1
3210,2020-12-26,74,2
3211,2020-12-26,75,1
3212,2020-12-26,76,3
3213,2020-12-26,77,2
3214,2020-12-26,78,2
3215,2020-12-26,79,1
3216,2020-12-26,80,2
3217,2020-12-26,83,2
3218,2020-12-26,84,1
3219,2020-12-26,85,1
3220,2020-12-26,86,1
3221,2020-12-26,87,2
3222,2020-12-26,89,5
3223,2020-12-27,22,1
3224,2020-12-27,29,1
3225,2020-12-27,30,1
3226,2020-12-27,32,2
3227,2020-12-27,33,1
3228,2020-12-27,39,1
3229,2020-12-27,40,2
3230,2020-12-27,41,1
3231,2020-12-27,42,1
3232,2020-12-27,46,1
3233,2020-12-27,49,1
3234,2020-12-27,53,2
3235,2020-12-27,54,1
3236,2020-12-27,55,1
3237,2020-12-27,56,3
3238,2020-12-27,57,1
3239,2020-12-27,58,1
3240,2020-12-27,59,1
3241,2020-12-27,60,2
3242,2020-12-27,61,2
3243,2020-12-27,62,5
3244,2020-12-27,64,1
3245,2020-12-27,65,1
3246,2020-12-27,66,1
3247,2020-12-27,67,2
3248,2020-12-27,68,1
3249,2020-12-27,70,2
3250,2020-12-27,71,1
3251,2020-12-27,72,1
3252,2020-12-27,73,3
3253,2020-12-27,74,2
3254,2020-12-27,75,1
3255,2020-12-27,77,1
3256,2020-12-27,78,1
3257,2020-12-27,80,1
3258,2020-12-27,81,1
3259,2020-12-27,83,2
3260,2020-12-27,85,2
3261,2020-12-27,88,1
3262,2020-12-27,89,7
3263,2020-12-28,19,1
3264,2020-12-28,21,1
3265,2020-12-28,22,1
3266,2020-12-28,24,2
3267,2020-12-28,26,1
3268,2020-12-28,27,1
3269,2020-12-28,31,1
3270,2020-12-28,34,2
3271,2020-12-28,35,1
3272,2020-12-28,36,1
3273,2020-12-28,38,1
3274,2020-12-28,41,1
3275,2020-12-28,43,1
3276,2020-12-28,44,1
3277,2020-12-28,46,1
3278,2020-12-28,49,1
3279,2020-12-28,50,1
3280,2020-12-28,52,2
3281,2020-12-28,53,1
3282,2020-12-28,54,2
3283,2020-12-28,55,1
3284,2020-12-28,57,1
3285,2020-12-28,58,3
3286,2020-12-28,60,2
3287,2020-12-28,62,2
3288,2020-12-28,64,1
3289,2020-12-28,65,2
3290,2020-12-28,66,1
3291,2020-12-28,67,5
3292,2020-12-28,68,1
3293,2020-12-28,72,1
3294,2020-12-28,73,1
3295,2020-12-28,74,1
3296,2020-12-28,76,1
3297,2020-12-28,79,1
3298,2020-12-28,80,2
3299,2020-12-28,81,1
3300,2020-12-28,82,1
3301,2020-12-28,83,2
3302,2020-12-28,85,3
3303,2020-12-28,86,1
3304,2020-12-28,88,1
3305,2020-12-28,89,8
3306,2020-12-29,18,1
3307,2020-12-29,21,1
3308,2020-12-29,22,1
3309,2020-12-29,25,1
3310,2020-12-29,27,1
3311,2020-12-29,29,2
3312,2020-12-29,31,1
3313,2020-12-29,35,1
3314,2020-12-29,36,1
3315,2020-12-29,39,1
3316,2020-12-29,40,1
3317,2020-12-29,41,1
3318,2020-12-29,42,1
3319,2020-12-29,43,1
3320,2020-12-29,44,2
3321,2020-12-29,45,1
3322,2020-12-29,46,1
3323,2020-12-29,47,1
3324,2020-12-29,49,1
3325,2020-12-29,50,1
3326,2020-12-29,51,1
3327,2020-12-29,52,2
3328,2020-12-29,53,1
3329,2020-12-29,58,2
3330,2020-12-29,59,3
3331,2020-12-29,64,3
3332,2020-12-29,65,3
3333,2020-12-29,67,2
3334,2020-12-29,68,2
3335,2020-12-29,69,1
3336,2020-12-29,70,4
3337,2020-12-29,72,1
3338,2020-12-29,73,2
3339,2020-12-29,74,1
3340,2020-12-29,75,2
3341,2020-12-29,76,2
3342,2020-12-29,78,1
3343,2020-12-29,79,2
3344,2020-12-29,81,2
3345,2020-12-29,86,1
3346,2020-12-29,89,5
3347,2020-12-30,27,1
3348,2020-12-30,28,2
3349,2020-12-30,31,1
3350,2020-12-30,34,4
3351,2020-12-30,35,1
3352,2020-12-30,36,1
3353,2020-12-30,38,1
3354,2020-12-30,44,1
3355,2020-12-30,45,1
3356,2020-12-30,46,2
3357,2020-12-30,47,1
3358,2020-12-30,48,1
3359,2020-12-30,49,1
3360,2020-12-30,50,1
3361,2020-12-30,51,1
3362,2020-12-30,53,1
3363,2020-12-30,54,1
3364,2020-12-30,55,3
3365,2020-12-30,60,2
3366,2020-12-30,63,2
3367,2020-12-30,64,2
3368,2020-12-30,65,1
3369,2020-12-30,67,2
3370,2020-12-30,68,2
3371,2020-12-30,69,4
3372,2020-12-30,70,2
3373,2020-12-30,72,1
3374,2020-12-30,73,2
3375,2020-12-30,77,1
3376,2020-12-30,80,3
3377,2020-12-30,87,4
3378,2020-12-30,89,6
3379,2020-12-31,19,2
3380,2020-12-31,25,1
3381,2020-12-31,33,3
3382,2020-12-31,34,1
3383,2020-12-31,36,2
3384,2020-12-31,43,1
3385,2020-12-31,44,2
3386,2020-12-31,45,2
3387,2020-12-31,48,1
3388,2020-12-31,50,1
3389,2020-12-31,51,1
3390,2020-12-31,53,2
3391,2020-12-31,54,3
3392,2020-12-31,55,1
3393,2020-12-31,56,2
3394,2020-12-31,58,2
3395,2020-12-31,60,1
3396,2020-12-31,61,1
3397,2020-12-31,62,2
3398,2020-12-31,63,1
3399,2020-12-31,64,2
3400,2020-12-31,65,2
3401,2020-12-31,69,2
3402,2020-12-31,70,2
3403,2020-12-31,71,1
3404,2020-12-31,72,2
3405,2020-12-31,73,1
3406,2020-12-31,75,1
3407,2020-12-31,77,1
3408,2020-12-31,79,1
3409,2020-12-31,80,2
3410,2020-12-31,81,2
3411,2020-12-31,82,1
3412,2020-12-31,85,3
3413,2020-12-31,87,1
3414,2020-12-31,88,1
3415,2020-12-31,89,3
3416,2021-01-01,24,1
3417,2021-01-01,26,2
3418,2021-01-01,27,1
3419,2021-01-01,28,1
3420,2021-01-01,30,1
3421,2021-01-01,31,1
3422,2021-01-01,32,1
3423,2021-01-01,34,1
3424,2021-01-01,40,3
3425,2021-01-01,41,1
3426,2021-01-01,42,1
3427,2021-01-01,44,1
3428,2021-01-01,49,1
3429,2021-01-01,51,1
3430,2021-01-01,54,3
3431,2021-01-01,55,1
3432,2021-01-01,56,1
3433,2021-01-01,58,1
3434,2021-01-01,59,2
3435,2021-01-01,60,2
3436,2021-01-01,61,3
3437,2021-01-01,62,1
3438,2021-01-01,64,1
3439,2021-01-01,65,3
3440,2021-01-01,66,3
3441,2021-01-01,67,1
3442,2021-01-01,69,1
3443,2021-01-01,70,1
3444,2021-01-01,71,1
3445,2021-01-01,72,2
3446,2021-01-01,74,2
3447,2021-01-01,78,2
3448,2021-01-01,79,1
3449,2021-01-01,81,3
3450,2021-01-01,82,2
3451,2021-01-01,83,2
3452,2021-01-01,85,3
3453,2021-01-01,86,1
3454,2021-01-01,87,1
3455,2021-01-01,88,1
3456,2021-01-01,89,4
3457,2021-01-02,24,1
3458,2021-01-02,28,1
3459,2021-01-02,29,1
3460,2021-01-02,33,1
3461,2021-01-02,34,1
3462,2021-01-02,36,1
3463,2021-01-02,37,2
3464,2021-01-02,38,1
3465,2021-01-02,39,1
3466,2021-01-02,40,2
3467,2021-01-02,41,1
3468,2021-01-02,42,3
3469,2021-01-02,46,1
3470,2021-01-02,48,2
3471,2021-01-02,50,1
3472,2021-01-02,52,1
3473,2021-01-02,53,1
3474,2021-01-02,55,1
3475,2021-01-02,56,1
3476,2021-01-02,57,1
3477,2021-01-02,58,1
3478,2021-01-02,59,3
3479,2021-01-02,60,3
3480,2021-01-02,61,2
3481,2021-01-02,62,1
3482,2021-01-02,64,2
3483,2021-01-02,66,2
3484,2021-01-02,68,2
3485,2021-01-02,69,2
3486,2021-01-02,72,1
3487,2021-01-02,73,1
3488,2021-01-02,75,1
3489,2021-01-02,76,3
3490,2021-01-02,77,1
3491,2021-01-02,78,1
3492,2021-01-02,79,1
3493,2021-01-02,80,1
3494,2021-01-02,81,1
3495,2021-01-02,83,3
3496,2021-01-02,85,1
3497,2021-01-02,87,1
3498,2021-01-02,89,10
3499,2021-01-03,18,1
3500,2021-01-03,22,1
3501,2021-01-03,23,1
3502,2021-01-03,30,1
3503,2021-01-03,31,1
3504,2021-01-03,32,2
3505,2021-01-03,33,1
3506,2021-01-03,34,1
3507,2021-01-03,38,1
3508,2021-01-03,44,1
3509,2021-01-03,45,1
3510,2021-01-03,46,1
3511,2021-01-03,48,2
3512,2021-01-03,49,2
3513,2021-01-03,51,1
3514,2021-01-03,52,1
3515,2021-01-03,53,3
3516,2021-01-03,54,1
3517,2021-01-03,55,3
3518,2021-01-03,57,3
3519,2021-01-03,58,4
3520,2021-01-03,59,1
3521,2021-01-03,60,1
3522,2021-01-03,61,2
3523,2021-01-03,62,1
3524,2021-01-03,64,4
3525,2021-01-03,65,3
3526,2021-01-03,66,1
3527,2021-01-03,67,1
3528,2021-01-03,68,1
3529,2021-01-03,70,1
3530,2021-01-03,71,1
3531,2021-01-03,73,1
3532,2021-01-03,74,1
3533,2021-01-03,80,1
3534,2021-01-03,84,1
3535,2021-01-03,85,1
3536,2021-01-03,86,2
3537,2021-01-03,87,1
3538,2021-01-03,88,1
3539,2021-01-03,89,10
3540,2021-01-04,19,1
3541,2021-01-04,29,1
3542,2021-01-04,31,1
3543,2021-01-04,34,1
3544,2021-01-04,35,1
3545,2021-01-04,37,1
3546,2021-01-04,38,1
3547,2021-01-04,39,1
3548,2021-01-04,40,1
3549,2021-01-04,41,2
3550,2021-01-04,43,1
3551,2021-01-04,44,1
3552,2021-01-04,45,3
3553,2021-01-04,46,1
3554,2021-01-04,48,1
3555,2021-01-04,49,2
3556,2021-01-04,52,3
3557,2021-01-04,53,2
3558,2021-01-04,54,2
3559,2021-01-04,55,1
3560,2021-01-04,56,1
3561,2021-01-04,57,3
3562,2021-01-04,59,3
3563,2021-01-04,60,1
3564,2021-01-04,61,5
3565,2021-01-04,62,3
3566,2021-01-04,64,1
3567,2021-01-04,66,4
3568,2021-01-04,67,2
3569,2021-01-04,68,1
3570,2021-01-04,69,2
3571,2021-01-04,71,3
3572,2021-01-04,72,1
3573,2021-01-04,73,1
3574,2021-01-04,74,3
3575,2021-01-04,75,2
3576,2021-01-04,76,1
3577,2021-01-04,78,2
3578,2021-01-04,80,1
3579,2021-01-04,81,1
3580,2021-01-04,85,1
3581,2021-01-04,86,1
3582,2021-01-04,87,1
3583,2021-01-04,88,1
3584,2021-01-04,89,5
3585,2021-01-05,18,1
3586,2021-01-05,25,1
3587,2021-01-05,27,2
3588,2021-01-05,28,1
3589,2021-01-05,31,3
3590,2021-01-05,32,1
3591,2021-01-05,33,1
3592,2021-01-05,37,3
3593,2021-01-05,39,2
3594,2021-01-05,47,2
3595,2021-01-05,49,1
3596,2021-01-05,50,2
3597,2021-01-05,52,2
3598,2021-01-05,53,1
3599,2021-01-05,55,1
3600,2021-01-05,56,2
3601,2021-01-05,57,3
3602,2021-01-05,58,3
3603,2021-01-05,59,2
3604,2021-01-05,60,1
3605,2021-01-05,61,1
3606,2021-01-05,62,1
3607,2021-01-05,63,1
3608,2021-01-05,64,3
3609,2021-01-05,65,7
3610,2021-01-05,66,1
3611,2021-01-05,67,1
3612,2021-01-05,68,3
3613,2021-01-05,69,3
3614,2021-01-05,70,2
3615,2021-01-05,73,2
3616,2021-01-05,74,1
3617,2021-01-05,75,1
3618,2021-01-05,82,3
3619,2021-01-05,84,2
3620,2021-01-05,87,2
3621,2021-01-05,88,2
3622,2021-01-05,89,4
3623,2021-01-06,20,1
3624,2021-01-06,33,2
3625,2021-01-06,35,1
3626,2021-01-06,38,2
3627,2021-01-06,39,4
3628,2021-01-06,42,1
3629,2021-01-06,43,1
3630,2021-01-06,45,1
3631,2021-01-06,48,1
3632,2021-01-06,49,1
3633,2021-01-06,50,3
3634,2021-01-06,53,2
3635,2021-01-06,55,2
3636,2021-01-06,56,1
3637,2021-01-06,57,3
3638,2021-01-06,58,4
3639,2021-01-06,59,2
3640,2021-01-06,61,2
3641,2021-01-06,64,1
3642,2021-01-06,65,1
3643,2021-01-06,66,1
3644,2021-01-06,67,2
3645,2021-01-06,68,1
3646,2021-01-06,69,1
3647,2021-01-06,72,1
3648,2021-01-06,73,1
3649,2021-01-06,74,2
3650,2021-01-06,78,1
3651,2021-01-06,79,1
3652,2021-01-06,85,1
3653,2021-01-06,89,4
